Point Number,Latitude (deg),Longitude (deg),Area
0,48.00960296650007,49.99999999999999,3365.0570545883365
1,48.00960296650007,56.66666666666666,3365.0570545883365
2,43.0596380955001,52.222222222222214,3677.219599288741
3,43.0596380955001,54.444444444444436,3677.219599288741
4,44.709626385833424,52.222222222222214,3576.0622551634974
5,44.709626385833424,54.444444444444436,3576.0622551634974
6,46.35961467616674,54.444444444444436,3471.9781869562225
7,46.35961467616674,56.66666666666666,3471.9781869562225
8,46.35961467616674,58.888888888888886,3471.978186956163
9,48.00960296650007,47.77777777777777,3365.0570545883365
10,48.00960296650007,52.222222222222214,3365.0570545883365
11,48.00960296650007,54.444444444444436,3365.0570545883365
12,48.00960296650007,58.888888888888886,3365.0570545882783
13,49.659591256833394,47.77777777777777,3255.3905590690697
14,49.659591256833394,49.99999999999999,3255.3905590690697
15,49.659591256833394,52.222222222222214,3255.3905590690697
16,49.659591256833394,54.444444444444436,3255.3905590690697
17,49.659591256833394,56.66666666666666,3255.3905590690697
18,49.659591256833394,58.888888888888886,3255.3905590690138
19,51.30957954716671,52.222222222222214,3143.072343362112
20,41.40964980516677,55.925925925925924,3775.3627002143426
21,41.95964590194455,55.185185185185176,3742.988560448293
22,41.95964590194455,55.925925925925924,3742.988560448293
23,42.50964199872232,52.962962962962955,3710.27314051736
24,42.50964199872232,53.7037037037037,3710.27314051736
25,42.50964199872232,54.444444444444436,3710.27314051736
26,42.50964199872232,55.185185185185176,3710.27314051736
27,42.50964199872232,55.925925925925924,3710.27314051736
28,43.0596380955001,52.962962962962955,3677.219599288741
29,43.0596380955001,53.7037037037037,3677.219599288741
30,43.0596380955001,55.185185185185176,3677.219599288741
31,43.0596380955001,55.925925925925924,3677.219599288741
32,43.609634192277866,51.481481481481474,3643.8311237060784
33,43.609634192277866,52.222222222222214,3643.8311237060784
34,43.609634192277866,52.962962962962955,3643.8311237060784
35,43.609634192277866,53.7037037037037,3643.8311237060784
36,43.609634192277866,54.444444444444436,3643.8311237060784
37,43.609634192277866,55.185185185185176,3643.8311237060784
38,43.609634192277866,55.925925925925924,3643.8311237060784
39,44.15963028905565,51.481481481481474,3610.11092837747
40,44.15963028905565,52.222222222222214,3610.11092837747
41,44.15963028905565,52.962962962962955,3610.11092837747
42,44.15963028905565,53.7037037037037,3610.11092837747
43,44.15963028905565,54.444444444444436,3610.11092837747
44,44.15963028905565,55.185185185185176,3610.11092837747
45,44.15963028905565,55.925925925925924,3610.11092837747
46,44.709626385833424,51.481481481481474,3576.0622551634974
47,44.709626385833424,52.962962962962955,3576.0622551634974
48,44.709626385833424,53.7037037037037,3576.0622551634974
49,44.709626385833424,55.185185185185176,3576.0622551634974
50,44.709626385833424,55.925925925925924,3576.0622551634974
51,45.25962248261119,51.481481481481474,3541.6883727653963
52,45.25962248261119,52.222222222222214,3541.6883727653963
53,45.25962248261119,52.962962962962955,3541.6883727653963
54,45.25962248261119,53.7037037037037,3541.6883727653963
55,45.25962248261119,54.444444444444436,3541.6883727653963
56,45.25962248261119,55.185185185185176,3541.6883727653963
57,45.25962248261119,55.925925925925924,3541.6883727653963
58,45.25962248261119,56.66666666666666,3541.6883727653963
59,45.25962248261119,59.629629629629626,3541.6883727653344
60,45.809618579388975,52.962962962962955,3506.9925763135193
61,45.809618579388975,53.7037037037037,3506.9925763135193
62,45.809618579388975,54.444444444444436,3506.9925763135193
63,45.809618579388975,55.185185185185176,3506.9925763135193
64,45.809618579388975,55.925925925925924,3506.9925763135193
65,45.809618579388975,56.66666666666666,3506.9925763135193
66,45.809618579388975,57.407407407407405,3506.992576313489
67,45.809618579388975,58.14814814814814,3506.9925763134584
68,45.809618579388975,58.888888888888886,3506.9925763134584
69,45.809618579388975,59.629629629629626,3506.9925763134584
70,46.35961467616674,53.7037037037037,3471.9781869562225
71,46.35961467616674,55.185185185185176,3471.9781869562225
72,46.35961467616674,55.925925925925924,3471.9781869562225
73,46.35961467616674,57.407407407407405,3471.978186956193
74,46.35961467616674,58.14814814814814,3471.978186956163
75,46.35961467616674,59.629629629629626,3471.978186956163
76,46.90961077294452,49.25925925925925,3436.6485514492947
77,46.90961077294452,49.99999999999999,3436.6485514492947
78,46.90961077294452,50.74074074074073,3436.6485514492947
79,46.90961077294452,52.222222222222214,3436.6485514492947
80,46.90961077294452,53.7037037037037,3436.6485514492947
81,46.90961077294452,54.444444444444436,3436.6485514492947
82,46.90961077294452,55.185185185185176,3436.6485514492947
83,46.90961077294452,55.925925925925924,3436.6485514492947
84,46.90961077294452,56.66666666666666,3436.6485514492947
85,46.90961077294452,57.407407407407405,3436.648551449266
86,46.90961077294452,58.14814814814814,3436.6485514492356
87,46.90961077294452,58.888888888888886,3436.6485514492356
88,46.90961077294452,59.629629629629626,3436.6485514492356
89,47.45960686972229,48.51851851851851,3401.007041746068
90,47.45960686972229,49.25925925925925,3401.007041746068
91,47.45960686972229,49.99999999999999,3401.007041746068
92,47.45960686972229,50.74074074074073,3401.007041746068
93,47.45960686972229,51.481481481481474,3401.007041746068
94,47.45960686972229,52.222222222222214,3401.007041746068
95,47.45960686972229,52.962962962962955,3401.007041746068
96,47.45960686972229,53.7037037037037,3401.007041746068
97,47.45960686972229,54.444444444444436,3401.007041746068
98,47.45960686972229,55.185185185185176,3401.007041746068
99,47.45960686972229,55.925925925925924,3401.007041746068
100,47.45960686972229,56.66666666666666,3401.007041746068
101,47.45960686972229,57.407407407407405,3401.007041746039
102,47.45960686972229,58.14814814814814,3401.0070417460092
103,47.45960686972229,58.888888888888886,3401.0070417460092
104,47.45960686972229,59.629629629629626,3401.0070417460092
105,48.00960296650007,48.51851851851851,3365.0570545883365
106,48.00960296650007,49.25925925925925,3365.0570545883365
107,48.00960296650007,50.74074074074073,3365.0570545883365
108,48.00960296650007,51.481481481481474,3365.0570545883365
109,48.00960296650007,52.962962962962955,3365.0570545883365
110,48.00960296650007,53.7037037037037,3365.0570545883365
111,48.00960296650007,55.185185185185176,3365.0570545883365
112,48.00960296650007,55.925925925925924,3365.0570545883365
113,48.00960296650007,57.407407407407405,3365.0570545883074
114,48.00960296650007,58.14814814814814,3365.0570545882783
115,48.00960296650007,59.629629629629626,3365.0570545882783
116,48.55959906327784,47.03703703703703,3328.802011098192
117,48.55959906327784,47.77777777777777,3328.802011098192
118,48.55959906327784,48.51851851851851,3328.802011098192
119,48.55959906327784,49.25925925925925,3328.802011098192
120,48.55959906327784,49.99999999999999,3328.802011098192
121,48.55959906327784,50.74074074074073,3328.802011098192
122,48.55959906327784,51.481481481481474,3328.802011098192
123,48.55959906327784,52.222222222222214,3328.802011098192
124,48.55959906327784,52.962962962962955,3328.802011098192
125,48.55959906327784,53.7037037037037,3328.802011098192
126,48.55959906327784,54.444444444444436,3328.802011098192
127,48.55959906327784,55.185185185185176,3328.802011098192
128,48.55959906327784,55.925925925925924,3328.802011098192
129,48.55959906327784,56.66666666666666,3328.802011098192
130,48.55959906327784,57.407407407407405,3328.8020110981624
131,48.55959906327784,58.14814814814814,3328.8020110981347
132,48.55959906327784,58.888888888888886,3328.8020110981347
133,48.55959906327784,59.629629629629626,3328.8020110981347
134,49.10959516005562,47.03703703703703,3292.2453563709237
135,49.10959516005562,47.77777777777777,3292.2453563709237
136,49.10959516005562,48.51851851851851,3292.2453563709237
137,49.10959516005562,49.25925925925925,3292.2453563709237
138,49.10959516005562,49.99999999999999,3292.2453563709237
139,49.10959516005562,50.74074074074073,3292.2453563709237
140,49.10959516005562,51.481481481481474,3292.2453563709237
141,49.10959516005562,52.222222222222214,3292.2453563709237
142,49.10959516005562,52.962962962962955,3292.2453563709237
143,49.10959516005562,53.7037037037037,3292.2453563709237
144,49.10959516005562,54.444444444444436,3292.2453563709237
145,49.10959516005562,55.185185185185176,3292.2453563709237
146,49.10959516005562,55.925925925925924,3292.2453563709237
147,49.10959516005562,56.66666666666666,3292.2453563709237
148,49.10959516005562,57.407407407407405,3292.2453563708955
149,49.10959516005562,58.14814814814814,3292.245356370867
150,49.10959516005562,58.888888888888886,3292.245356370867
151,49.10959516005562,59.629629629629626,3292.245356370867
152,49.659591256833394,47.03703703703703,3255.3905590690697
153,49.659591256833394,48.51851851851851,3255.3905590690697
154,49.659591256833394,49.25925925925925,3255.3905590690697
155,49.659591256833394,50.74074074074073,3255.3905590690697
156,49.659591256833394,51.481481481481474,3255.3905590690697
157,49.659591256833394,52.962962962962955,3255.3905590690697
158,49.659591256833394,53.7037037037037,3255.3905590690697
159,49.659591256833394,55.185185185185176,3255.3905590690697
160,49.659591256833394,55.925925925925924,3255.3905590690697
161,49.659591256833394,57.407407407407405,3255.390559069042
162,49.659591256833394,58.14814814814814,3255.3905590690138
163,49.659591256833394,59.629629629629626,3255.3905590690138
164,50.20958735361116,47.77777777777777,3218.241111017758
165,50.20958735361116,49.25925925925925,3218.241111017758
166,50.20958735361116,49.99999999999999,3218.241111017758
167,50.20958735361116,50.74074074074073,3218.241111017758
168,50.20958735361116,51.481481481481474,3218.241111017758
169,50.20958735361116,52.222222222222214,3218.241111017758
170,50.20958735361116,52.962962962962955,3218.241111017758
171,50.20958735361116,53.7037037037037,3218.241111017758
172,50.20958735361116,54.444444444444436,3218.241111017758
173,50.20958735361116,55.185185185185176,3218.241111017758
174,50.20958735361116,55.925925925925924,3218.241111017758
175,50.20958735361116,56.66666666666666,3218.241111017758
176,50.20958735361116,57.407407407407405,3218.2411110177304
177,50.20958735361116,58.14814814814814,3218.241111017703
178,50.20958735361116,58.888888888888886,3218.241111017703
179,50.20958735361116,59.629629629629626,3218.241111017703
180,50.759583450388945,49.25925925925925,3180.8005268014367
181,50.759583450388945,49.99999999999999,3180.8005268014367
182,50.759583450388945,50.74074074074073,3180.8005268014367
183,50.759583450388945,51.481481481481474,3180.8005268014367
184,50.759583450388945,52.222222222222214,3180.8005268014367
185,50.759583450388945,52.962962962962955,3180.8005268014367
186,50.759583450388945,53.7037037037037,3180.8005268014367
187,50.759583450388945,56.66666666666666,3180.8005268014367
188,50.759583450388945,57.407407407407405,3180.8005268014094
189,50.759583450388945,58.14814814814814,3180.800526801382
190,51.30957954716671,50.74074074074073,3143.072343362112
191,51.30957954716671,51.481481481481474,3143.072343362112
192,51.30957954716671,52.962962962962955,3143.072343362112
193,43.0596380955001,70.0,3677.2195992886777
194,43.0596380955001,76.66666666666666,3677.2195992886777
195,48.00960296650007,63.33333333333333,3365.0570545882783
196,48.00960296650007,70.0,3365.0570545882783
197,48.00960296650007,76.66666666666666,3365.0570545882783
198,52.95956783750004,63.33333333333333,3028.197894098334
199,52.95956783750004,70.0,3028.197894098334
200,52.95956783750004,76.66666666666666,3028.197894098334
201,41.40964980516677,67.77777777777777,3775.362700214277
202,43.0596380955001,67.77777777777777,3677.2195992886777
203,43.0596380955001,72.22222222222221,3677.2195992886777
204,43.0596380955001,78.88888888888889,3677.2195992886777
205,44.709626385833424,61.11111111111111,3576.062255163436
206,44.709626385833424,63.33333333333333,3576.062255163436
207,44.709626385833424,65.55555555555556,3576.062255163436
208,44.709626385833424,67.77777777777777,3576.062255163436
209,44.709626385833424,70.0,3576.062255163436
210,44.709626385833424,72.22222222222221,3576.062255163436
211,44.709626385833424,74.44444444444444,3576.062255163436
212,44.709626385833424,76.66666666666666,3576.062255163436
213,44.709626385833424,78.88888888888889,3576.062255163436
214,46.35961467616674,61.11111111111111,3471.978186956163
215,46.35961467616674,63.33333333333333,3471.978186956163
216,46.35961467616674,65.55555555555556,3471.978186956163
217,46.35961467616674,67.77777777777777,3471.978186956163
218,46.35961467616674,70.0,3471.978186956163
219,46.35961467616674,72.22222222222221,3471.978186956163
220,46.35961467616674,74.44444444444444,3471.978186956163
221,46.35961467616674,76.66666666666666,3471.978186956163
222,46.35961467616674,78.88888888888889,3471.978186956163
223,48.00960296650007,61.11111111111111,3365.0570545882783
224,48.00960296650007,65.55555555555556,3365.0570545882783
225,48.00960296650007,67.77777777777777,3365.0570545882783
226,48.00960296650007,72.22222222222221,3365.0570545882783
227,48.00960296650007,74.44444444444444,3365.0570545882783
228,48.00960296650007,78.88888888888889,3365.0570545882783
229,49.659591256833394,61.11111111111111,3255.3905590690138
230,49.659591256833394,63.33333333333333,3255.3905590690138
231,49.659591256833394,65.55555555555556,3255.3905590690138
232,49.659591256833394,67.77777777777777,3255.3905590690138
233,49.659591256833394,70.0,3255.3905590690138
234,49.659591256833394,72.22222222222221,3255.3905590690138
235,49.659591256833394,74.44444444444444,3255.3905590690138
236,49.659591256833394,76.66666666666666,3255.3905590690138
237,49.659591256833394,78.88888888888889,3255.3905590690138
238,51.30957954716671,63.33333333333333,3143.072343362058
239,51.30957954716671,65.55555555555556,3143.072343362058
240,51.30957954716671,67.77777777777777,3143.072343362058
241,51.30957954716671,70.0,3143.072343362058
242,51.30957954716671,72.22222222222221,3143.072343362058
243,51.30957954716671,74.44444444444444,3143.072343362058
244,51.30957954716671,76.66666666666666,3143.072343362058
245,51.30957954716671,78.88888888888889,3143.072343362058
246,52.95956783750004,61.11111111111111,3028.197894098334
247,52.95956783750004,65.55555555555556,3028.197894098334
248,52.95956783750004,67.77777777777777,3028.197894098334
249,52.95956783750004,72.22222222222221,3028.197894098334
250,52.95956783750004,74.44444444444444,3028.197894098334
251,54.609556127833365,65.55555555555556,2910.8644443802345
252,54.609556127833365,67.77777777777777,2910.8644443802345
253,54.609556127833365,70.0,2910.8644443802345
254,40.859653708389004,68.51851851851852,3807.3924294365665
255,41.40964980516677,67.03703703703702,3775.362700214277
256,41.40964980516677,68.51851851851852,3775.362700214277
257,41.95964590194455,67.03703703703702,3742.9885604482274
258,41.95964590194455,67.77777777777777,3742.9885604482274
259,41.95964590194455,68.51851851851852,3742.9885604482274
260,41.95964590194455,69.25925925925925,3742.9885604482274
261,41.95964590194455,70.0,3742.9885604482274
262,42.50964199872232,66.29629629629629,3710.2731405172963
263,42.50964199872232,67.03703703703702,3710.2731405172963
264,42.50964199872232,67.77777777777777,3710.2731405172963
265,42.50964199872232,68.51851851851852,3710.2731405172963
266,42.50964199872232,69.25925925925925,3710.2731405172963
267,42.50964199872232,70.0,3710.2731405172963
268,42.50964199872232,70.74074074074075,3710.2731405172963
269,42.50964199872232,79.62962962962963,3710.2731405172963
270,43.0596380955001,66.29629629629629,3677.2195992886777
271,43.0596380955001,67.03703703703702,3677.2195992886777
272,43.0596380955001,68.51851851851852,3677.2195992886777
273,43.0596380955001,69.25925925925925,3677.2195992886777
274,43.0596380955001,70.74074074074075,3677.2195992886777
275,43.0596380955001,71.48148148148147,3677.2195992886777
276,43.0596380955001,72.96296296296296,3677.2195992886777
277,43.0596380955001,75.18518518518519,3677.2195992886777
278,43.0596380955001,75.92592592592592,3677.2195992886777
279,43.0596380955001,77.4074074074074,3677.2195992886777
280,43.0596380955001,78.14814814814814,3677.2195992886777
281,43.0596380955001,79.62962962962963,3677.2195992886777
282,43.609634192277866,61.85185185185185,3643.831123706016
283,43.609634192277866,62.59259259259258,3643.831123706016
284,43.609634192277866,64.07407407407408,3643.831123706016
285,43.609634192277866,65.55555555555556,3643.831123706016
286,43.609634192277866,66.29629629629629,3643.831123706016
287,43.609634192277866,67.03703703703702,3643.831123706016
288,43.609634192277866,67.77777777777777,3643.831123706016
289,43.609634192277866,68.51851851851852,3643.831123706016
290,43.609634192277866,69.25925925925925,3643.831123706016
291,43.609634192277866,70.0,3643.831123706016
292,43.609634192277866,70.74074074074075,3643.831123706016
293,43.609634192277866,71.48148148148147,3643.831123706016
294,43.609634192277866,72.22222222222221,3643.831123706016
295,43.609634192277866,72.96296296296296,3643.831123706016
296,43.609634192277866,73.7037037037037,3643.831123706016
297,43.609634192277866,74.44444444444444,3643.831123706016
298,43.609634192277866,75.18518518518519,3643.831123706016
299,43.609634192277866,75.92592592592592,3643.831123706016
300,43.609634192277866,76.66666666666666,3643.831123706016
301,43.609634192277866,77.4074074074074,3643.831123706016
302,43.609634192277866,78.14814814814814,3643.831123706016
303,43.609634192277866,78.88888888888889,3643.831123706016
304,43.609634192277866,79.62962962962963,3643.831123706016
305,44.15963028905565,61.85185185185185,3610.110928377408
306,44.15963028905565,62.59259259259258,3610.110928377408
307,44.15963028905565,63.33333333333333,3610.110928377408
308,44.15963028905565,64.07407407407408,3610.110928377408
309,44.15963028905565,64.81481481481481,3610.110928377408
310,44.15963028905565,65.55555555555556,3610.110928377408
311,44.15963028905565,66.29629629629629,3610.110928377408
312,44.15963028905565,67.03703703703702,3610.110928377408
313,44.15963028905565,67.77777777777777,3610.110928377408
314,44.15963028905565,68.51851851851852,3610.110928377408
315,44.15963028905565,69.25925925925925,3610.110928377408
316,44.15963028905565,70.0,3610.110928377408
317,44.15963028905565,70.74074074074075,3610.110928377408
318,44.15963028905565,71.48148148148147,3610.110928377408
319,44.15963028905565,72.22222222222221,3610.110928377408
320,44.15963028905565,72.96296296296296,3610.110928377408
321,44.15963028905565,73.7037037037037,3610.110928377408
322,44.15963028905565,74.44444444444444,3610.110928377408
323,44.15963028905565,75.18518518518519,3610.110928377408
324,44.15963028905565,75.92592592592592,3610.110928377408
325,44.15963028905565,76.66666666666666,3610.110928377408
326,44.15963028905565,77.4074074074074,3610.110928377408
327,44.15963028905565,78.14814814814814,3610.110928377408
328,44.15963028905565,78.88888888888889,3610.110928377408
329,44.15963028905565,79.62962962962963,3610.110928377408
330,44.709626385833424,60.37037037037036,3576.062255163436
331,44.709626385833424,61.85185185185185,3576.062255163436
332,44.709626385833424,62.59259259259258,3576.062255163436
333,44.709626385833424,64.07407407407408,3576.062255163436
334,44.709626385833424,64.81481481481481,3576.062255163436
335,44.709626385833424,66.29629629629629,3576.062255163436
336,44.709626385833424,67.03703703703702,3576.062255163436
337,44.709626385833424,68.51851851851852,3576.062255163436
338,44.709626385833424,69.25925925925925,3576.062255163436
339,44.709626385833424,70.74074074074075,3576.062255163436
340,44.709626385833424,71.48148148148147,3576.062255163436
341,44.709626385833424,72.96296296296296,3576.062255163436
342,44.709626385833424,73.7037037037037,3576.062255163436
343,44.709626385833424,75.18518518518519,3576.062255163436
344,44.709626385833424,75.92592592592592,3576.062255163436
345,44.709626385833424,77.4074074074074,3576.062255163436
346,44.709626385833424,78.14814814814814,3576.062255163436
347,44.709626385833424,79.62962962962963,3576.062255163436
348,45.25962248261119,60.37037037037036,3541.6883727653344
349,45.25962248261119,61.11111111111111,3541.6883727653344
350,45.25962248261119,61.85185185185185,3541.6883727653344
351,45.25962248261119,62.59259259259258,3541.6883727653344
352,45.25962248261119,63.33333333333333,3541.6883727653344
353,45.25962248261119,64.07407407407408,3541.6883727653344
354,45.25962248261119,64.81481481481481,3541.6883727653344
355,45.25962248261119,65.55555555555556,3541.6883727653344
356,45.25962248261119,66.29629629629629,3541.6883727653344
357,45.25962248261119,67.03703703703702,3541.6883727653344
358,45.25962248261119,67.77777777777777,3541.6883727653344
359,45.25962248261119,68.51851851851852,3541.6883727653344
360,45.25962248261119,69.25925925925925,3541.6883727653344
361,45.25962248261119,70.0,3541.6883727653344
362,45.25962248261119,70.74074074074075,3541.6883727653344
363,45.25962248261119,71.48148148148147,3541.6883727653344
364,45.25962248261119,72.22222222222221,3541.6883727653344
365,45.25962248261119,72.96296296296296,3541.6883727653344
366,45.25962248261119,73.7037037037037,3541.6883727653344
367,45.25962248261119,74.44444444444444,3541.6883727653344
368,45.25962248261119,75.18518518518519,3541.6883727653344
369,45.25962248261119,75.92592592592592,3541.6883727653344
370,45.25962248261119,76.66666666666666,3541.6883727653344
371,45.25962248261119,77.4074074074074,3541.6883727653344
372,45.25962248261119,78.14814814814814,3541.6883727653344
373,45.25962248261119,78.88888888888889,3541.6883727653344
374,45.25962248261119,79.62962962962963,3541.6883727653344
375,45.809618579388975,60.37037037037036,3506.9925763134584
376,45.809618579388975,61.11111111111111,3506.9925763134584
377,45.809618579388975,61.85185185185185,3506.9925763134584
378,45.809618579388975,62.59259259259258,3506.9925763134584
379,45.809618579388975,63.33333333333333,3506.9925763134584
380,45.809618579388975,64.07407407407408,3506.9925763134584
381,45.809618579388975,64.81481481481481,3506.9925763134584
382,45.809618579388975,65.55555555555556,3506.9925763134584
383,45.809618579388975,66.29629629629629,3506.9925763134584
384,45.809618579388975,67.03703703703702,3506.9925763134584
385,45.809618579388975,67.77777777777777,3506.9925763134584
386,45.809618579388975,68.51851851851852,3506.9925763134584
387,45.809618579388975,69.25925925925925,3506.9925763134584
388,45.809618579388975,70.0,3506.9925763134584
389,45.809618579388975,70.74074074074075,3506.9925763134584
390,45.809618579388975,71.48148148148147,3506.9925763134584
391,45.809618579388975,72.22222222222221,3506.9925763134584
392,45.809618579388975,72.96296296296296,3506.9925763134584
393,45.809618579388975,73.7037037037037,3506.9925763134584
394,45.809618579388975,74.44444444444444,3506.9925763134584
395,45.809618579388975,75.18518518518519,3506.9925763134584
396,45.809618579388975,75.92592592592592,3506.9925763134584
397,45.809618579388975,76.66666666666666,3506.9925763134584
398,45.809618579388975,77.4074074074074,3506.9925763134584
399,45.809618579388975,78.14814814814814,3506.9925763134584
400,45.809618579388975,78.88888888888889,3506.9925763134584
401,45.809618579388975,79.62962962962963,3506.9925763134584
402,46.35961467616674,60.37037037037036,3471.978186956163
403,46.35961467616674,61.85185185185185,3471.978186956163
404,46.35961467616674,62.59259259259258,3471.978186956163
405,46.35961467616674,64.07407407407408,3471.978186956163
406,46.35961467616674,64.81481481481481,3471.978186956163
407,46.35961467616674,66.29629629629629,3471.978186956163
408,46.35961467616674,67.03703703703702,3471.978186956163
409,46.35961467616674,68.51851851851852,3471.978186956163
410,46.35961467616674,69.25925925925925,3471.978186956163
411,46.35961467616674,70.74074074074075,3471.978186956163
412,46.35961467616674,71.48148148148147,3471.978186956163
413,46.35961467616674,72.96296296296296,3471.978186956163
414,46.35961467616674,73.7037037037037,3471.978186956163
415,46.35961467616674,75.18518518518519,3471.978186956163
416,46.35961467616674,75.92592592592592,3471.978186956163
417,46.35961467616674,77.4074074074074,3471.978186956163
418,46.35961467616674,78.14814814814814,3471.978186956163
419,46.35961467616674,79.62962962962963,3471.978186956163
420,46.90961077294452,60.37037037037036,3436.6485514492356
421,46.90961077294452,61.11111111111111,3436.6485514492356
422,46.90961077294452,61.85185185185185,3436.6485514492356
423,46.90961077294452,62.59259259259258,3436.6485514492356
424,46.90961077294452,63.33333333333333,3436.6485514492356
425,46.90961077294452,64.07407407407408,3436.6485514492356
426,46.90961077294452,64.81481481481481,3436.6485514492356
427,46.90961077294452,65.55555555555556,3436.6485514492356
428,46.90961077294452,66.29629629629629,3436.6485514492356
429,46.90961077294452,67.03703703703702,3436.6485514492356
430,46.90961077294452,67.77777777777777,3436.6485514492356
431,46.90961077294452,68.51851851851852,3436.6485514492356
432,46.90961077294452,69.25925925925925,3436.6485514492356
433,46.90961077294452,70.0,3436.6485514492356
434,46.90961077294452,70.74074074074075,3436.6485514492356
435,46.90961077294452,71.48148148148147,3436.6485514492356
436,46.90961077294452,72.22222222222221,3436.6485514492356
437,46.90961077294452,72.96296296296296,3436.6485514492356
438,46.90961077294452,73.7037037037037,3436.6485514492356
439,46.90961077294452,74.44444444444444,3436.6485514492356
440,46.90961077294452,75.18518518518519,3436.6485514492356
441,46.90961077294452,75.92592592592592,3436.6485514492356
442,46.90961077294452,76.66666666666666,3436.6485514492356
443,46.90961077294452,77.4074074074074,3436.6485514492356
444,46.90961077294452,78.14814814814814,3436.6485514492356
445,46.90961077294452,78.88888888888889,3436.6485514492356
446,46.90961077294452,79.62962962962963,3436.6485514492356
447,47.45960686972229,60.37037037037036,3401.0070417460092
448,47.45960686972229,61.11111111111111,3401.0070417460092
449,47.45960686972229,61.85185185185185,3401.0070417460092
450,47.45960686972229,62.59259259259258,3401.0070417460092
451,47.45960686972229,63.33333333333333,3401.0070417460092
452,47.45960686972229,64.07407407407408,3401.0070417460092
453,47.45960686972229,64.81481481481481,3401.0070417460092
454,47.45960686972229,65.55555555555556,3401.0070417460092
455,47.45960686972229,66.29629629629629,3401.0070417460092
456,47.45960686972229,67.03703703703702,3401.0070417460092
457,47.45960686972229,67.77777777777777,3401.0070417460092
458,47.45960686972229,68.51851851851852,3401.0070417460092
459,47.45960686972229,69.25925925925925,3401.0070417460092
460,47.45960686972229,70.0,3401.0070417460092
461,47.45960686972229,70.74074074074075,3401.0070417460092
462,47.45960686972229,71.48148148148147,3401.0070417460092
463,47.45960686972229,72.22222222222221,3401.0070417460092
464,47.45960686972229,72.96296296296296,3401.0070417460092
465,47.45960686972229,73.7037037037037,3401.0070417460092
466,47.45960686972229,74.44444444444444,3401.0070417460092
467,47.45960686972229,75.18518518518519,3401.0070417460092
468,47.45960686972229,75.92592592592592,3401.0070417460092
469,47.45960686972229,76.66666666666666,3401.0070417460092
470,47.45960686972229,77.4074074074074,3401.0070417460092
471,47.45960686972229,78.14814814814814,3401.0070417460092
472,47.45960686972229,78.88888888888889,3401.0070417460092
473,47.45960686972229,79.62962962962963,3401.0070417460092
474,48.00960296650007,60.37037037037036,3365.0570545882783
475,48.00960296650007,61.85185185185185,3365.0570545882783
476,48.00960296650007,62.59259259259258,3365.0570545882783
477,48.00960296650007,64.07407407407408,3365.0570545882783
478,48.00960296650007,64.81481481481481,3365.0570545882783
479,48.00960296650007,66.29629629629629,3365.0570545882783
480,48.00960296650007,67.03703703703702,3365.0570545882783
481,48.00960296650007,68.51851851851852,3365.0570545882783
482,48.00960296650007,69.25925925925925,3365.0570545882783
483,48.00960296650007,70.74074074074075,3365.0570545882783
484,48.00960296650007,71.48148148148147,3365.0570545882783
485,48.00960296650007,72.96296296296296,3365.0570545882783
486,48.00960296650007,73.7037037037037,3365.0570545882783
487,48.00960296650007,75.18518518518519,3365.0570545882783
488,48.00960296650007,75.92592592592592,3365.0570545882783
489,48.00960296650007,77.4074074074074,3365.0570545882783
490,48.00960296650007,78.14814814814814,3365.0570545882783
491,48.00960296650007,79.62962962962963,3365.0570545882783
492,48.55959906327784,60.37037037037036,3328.8020110981347
493,48.55959906327784,61.11111111111111,3328.8020110981347
494,48.55959906327784,61.85185185185185,3328.8020110981347
495,48.55959906327784,62.59259259259258,3328.8020110981347
496,48.55959906327784,63.33333333333333,3328.8020110981347
497,48.55959906327784,64.07407407407408,3328.8020110981347
498,48.55959906327784,64.81481481481481,3328.8020110981347
499,48.55959906327784,65.55555555555556,3328.8020110981347
500,48.55959906327784,66.29629629629629,3328.8020110981347
501,48.55959906327784,67.03703703703702,3328.8020110981347
502,48.55959906327784,67.77777777777777,3328.8020110981347
503,48.55959906327784,68.51851851851852,3328.8020110981347
504,48.55959906327784,69.25925925925925,3328.8020110981347
505,48.55959906327784,70.0,3328.8020110981347
506,48.55959906327784,70.74074074074075,3328.8020110981347
507,48.55959906327784,71.48148148148147,3328.8020110981347
508,48.55959906327784,72.22222222222221,3328.8020110981347
509,48.55959906327784,72.96296296296296,3328.8020110981347
510,48.55959906327784,73.7037037037037,3328.8020110981347
511,48.55959906327784,74.44444444444444,3328.8020110981347
512,48.55959906327784,75.18518518518519,3328.8020110981347
513,48.55959906327784,75.92592592592592,3328.8020110981347
514,48.55959906327784,76.66666666666666,3328.8020110981347
515,48.55959906327784,77.4074074074074,3328.8020110981347
516,48.55959906327784,78.14814814814814,3328.8020110981347
517,48.55959906327784,78.88888888888889,3328.8020110981347
518,48.55959906327784,79.62962962962963,3328.8020110981347
519,49.10959516005562,60.37037037037036,3292.245356370867
520,49.10959516005562,61.11111111111111,3292.245356370867
521,49.10959516005562,61.85185185185185,3292.245356370867
522,49.10959516005562,62.59259259259258,3292.245356370867
523,49.10959516005562,63.33333333333333,3292.245356370867
524,49.10959516005562,64.07407407407408,3292.245356370867
525,49.10959516005562,64.81481481481481,3292.245356370867
526,49.10959516005562,65.55555555555556,3292.245356370867
527,49.10959516005562,66.29629629629629,3292.245356370867
528,49.10959516005562,67.03703703703702,3292.245356370867
529,49.10959516005562,67.77777777777777,3292.245356370867
530,49.10959516005562,68.51851851851852,3292.245356370867
531,49.10959516005562,69.25925925925925,3292.245356370867
532,49.10959516005562,70.0,3292.245356370867
533,49.10959516005562,70.74074074074075,3292.245356370867
534,49.10959516005562,71.48148148148147,3292.245356370867
535,49.10959516005562,72.22222222222221,3292.245356370867
536,49.10959516005562,72.96296296296296,3292.245356370867
537,49.10959516005562,73.7037037037037,3292.245356370867
538,49.10959516005562,74.44444444444444,3292.245356370867
539,49.10959516005562,75.18518518518519,3292.245356370867
540,49.10959516005562,75.92592592592592,3292.245356370867
541,49.10959516005562,76.66666666666666,3292.245356370867
542,49.10959516005562,77.4074074074074,3292.245356370867
543,49.10959516005562,78.14814814814814,3292.245356370867
544,49.10959516005562,78.88888888888889,3292.245356370867
545,49.10959516005562,79.62962962962963,3292.245356370867
546,49.659591256833394,60.37037037037036,3255.3905590690138
547,49.659591256833394,61.85185185185185,3255.3905590690138
548,49.659591256833394,62.59259259259258,3255.3905590690138
549,49.659591256833394,64.07407407407408,3255.3905590690138
550,49.659591256833394,64.81481481481481,3255.3905590690138
551,49.659591256833394,66.29629629629629,3255.3905590690138
552,49.659591256833394,67.03703703703702,3255.3905590690138
553,49.659591256833394,68.51851851851852,3255.3905590690138
554,49.659591256833394,69.25925925925925,3255.3905590690138
555,49.659591256833394,70.74074074074075,3255.3905590690138
556,49.659591256833394,71.48148148148147,3255.3905590690138
557,49.659591256833394,72.96296296296296,3255.3905590690138
558,49.659591256833394,73.7037037037037,3255.3905590690138
559,49.659591256833394,75.18518518518519,3255.3905590690138
560,49.659591256833394,75.92592592592592,3255.3905590690138
561,49.659591256833394,77.4074074074074,3255.3905590690138
562,49.659591256833394,78.14814814814814,3255.3905590690138
563,49.659591256833394,79.62962962962963,3255.3905590690138
564,50.20958735361116,60.37037037037036,3218.241111017703
565,50.20958735361116,61.11111111111111,3218.241111017703
566,50.20958735361116,61.85185185185185,3218.241111017703
567,50.20958735361116,62.59259259259258,3218.241111017703
568,50.20958735361116,63.33333333333333,3218.241111017703
569,50.20958735361116,64.07407407407408,3218.241111017703
570,50.20958735361116,64.81481481481481,3218.241111017703
571,50.20958735361116,65.55555555555556,3218.241111017703
572,50.20958735361116,66.29629629629629,3218.241111017703
573,50.20958735361116,67.03703703703702,3218.241111017703
574,50.20958735361116,67.77777777777777,3218.241111017703
575,50.20958735361116,68.51851851851852,3218.241111017703
576,50.20958735361116,69.25925925925925,3218.241111017703
577,50.20958735361116,70.0,3218.241111017703
578,50.20958735361116,70.74074074074075,3218.241111017703
579,50.20958735361116,71.48148148148147,3218.241111017703
580,50.20958735361116,72.22222222222221,3218.241111017703
581,50.20958735361116,72.96296296296296,3218.241111017703
582,50.20958735361116,73.7037037037037,3218.241111017703
583,50.20958735361116,74.44444444444444,3218.241111017703
584,50.20958735361116,75.18518518518519,3218.241111017703
585,50.20958735361116,75.92592592592592,3218.241111017703
586,50.20958735361116,76.66666666666666,3218.241111017703
587,50.20958735361116,77.4074074074074,3218.241111017703
588,50.20958735361116,78.14814814814814,3218.241111017703
589,50.20958735361116,78.88888888888889,3218.241111017703
590,50.20958735361116,79.62962962962963,3218.241111017703
591,50.759583450388945,61.85185185185185,3180.800526801382
592,50.759583450388945,62.59259259259258,3180.800526801382
593,50.759583450388945,63.33333333333333,3180.800526801382
594,50.759583450388945,64.07407407407408,3180.800526801382
595,50.759583450388945,64.81481481481481,3180.800526801382
596,50.759583450388945,65.55555555555556,3180.800526801382
597,50.759583450388945,66.29629629629629,3180.800526801382
598,50.759583450388945,67.03703703703702,3180.800526801382
599,50.759583450388945,67.77777777777777,3180.800526801382
600,50.759583450388945,68.51851851851852,3180.800526801382
601,50.759583450388945,69.25925925925925,3180.800526801382
602,50.759583450388945,70.0,3180.800526801382
603,50.759583450388945,70.74074074074075,3180.800526801382
604,50.759583450388945,71.48148148148147,3180.800526801382
605,50.759583450388945,72.22222222222221,3180.800526801382
606,50.759583450388945,72.96296296296296,3180.800526801382
607,50.759583450388945,73.7037037037037,3180.800526801382
608,50.759583450388945,74.44444444444444,3180.800526801382
609,50.759583450388945,75.18518518518519,3180.800526801382
610,50.759583450388945,75.92592592592592,3180.800526801382
611,50.759583450388945,76.66666666666666,3180.800526801382
612,50.759583450388945,77.4074074074074,3180.800526801382
613,50.759583450388945,78.14814814814814,3180.800526801382
614,50.759583450388945,78.88888888888889,3180.800526801382
615,50.759583450388945,79.62962962962963,3180.800526801382
616,51.30957954716671,61.85185185185185,3143.072343362058
617,51.30957954716671,62.59259259259258,3143.072343362058
618,51.30957954716671,64.07407407407408,3143.072343362058
619,51.30957954716671,64.81481481481481,3143.072343362058
620,51.30957954716671,66.29629629629629,3143.072343362058
621,51.30957954716671,67.03703703703702,3143.072343362058
622,51.30957954716671,68.51851851851852,3143.072343362058
623,51.30957954716671,69.25925925925925,3143.072343362058
624,51.30957954716671,70.74074074074075,3143.072343362058
625,51.30957954716671,71.48148148148147,3143.072343362058
626,51.30957954716671,72.96296296296296,3143.072343362058
627,51.30957954716671,73.7037037037037,3143.072343362058
628,51.30957954716671,75.18518518518519,3143.072343362058
629,51.30957954716671,75.92592592592592,3143.072343362058
630,51.30957954716671,77.4074074074074,3143.072343362058
631,51.30957954716671,78.14814814814814,3143.072343362058
632,51.85957564394449,60.37037037037036,3105.0601195991403
633,51.85957564394449,61.11111111111111,3105.0601195991403
634,51.85957564394449,61.85185185185185,3105.0601195991403
635,51.85957564394449,62.59259259259258,3105.0601195991403
636,51.85957564394449,63.33333333333333,3105.0601195991403
637,51.85957564394449,64.07407407407408,3105.0601195991403
638,51.85957564394449,64.81481481481481,3105.0601195991403
639,51.85957564394449,65.55555555555556,3105.0601195991403
640,51.85957564394449,66.29629629629629,3105.0601195991403
641,51.85957564394449,67.03703703703702,3105.0601195991403
642,51.85957564394449,67.77777777777777,3105.0601195991403
643,51.85957564394449,68.51851851851852,3105.0601195991403
644,51.85957564394449,69.25925925925925,3105.0601195991403
645,51.85957564394449,70.0,3105.0601195991403
646,51.85957564394449,70.74074074074075,3105.0601195991403
647,51.85957564394449,71.48148148148147,3105.0601195991403
648,51.85957564394449,72.22222222222221,3105.0601195991403
649,51.85957564394449,72.96296296296296,3105.0601195991403
650,51.85957564394449,73.7037037037037,3105.0601195991403
651,51.85957564394449,74.44444444444444,3105.0601195991403
652,51.85957564394449,75.18518518518519,3105.0601195991403
653,51.85957564394449,75.92592592592592,3105.0601195991403
654,51.85957564394449,76.66666666666666,3105.0601195991403
655,51.85957564394449,77.4074074074074,3105.0601195991403
656,51.85957564394449,78.14814814814814,3105.0601195991403
657,51.85957564394449,78.88888888888889,3105.0601195991403
658,52.409571740722264,61.11111111111111,3066.767435970997
659,52.409571740722264,61.85185185185185,3066.767435970997
660,52.409571740722264,62.59259259259258,3066.767435970997
661,52.409571740722264,63.33333333333333,3066.767435970997
662,52.409571740722264,64.07407407407408,3066.767435970997
663,52.409571740722264,64.81481481481481,3066.767435970997
664,52.409571740722264,65.55555555555556,3066.767435970997
665,52.409571740722264,66.29629629629629,3066.767435970997
666,52.409571740722264,67.03703703703702,3066.767435970997
667,52.409571740722264,67.77777777777777,3066.767435970997
668,52.409571740722264,68.51851851851852,3066.767435970997
669,52.409571740722264,69.25925925925925,3066.767435970997
670,52.409571740722264,70.0,3066.767435970997
671,52.409571740722264,70.74074074074075,3066.767435970997
672,52.409571740722264,71.48148148148147,3066.767435970997
673,52.409571740722264,72.22222222222221,3066.767435970997
674,52.409571740722264,72.96296296296296,3066.767435970997
675,52.409571740722264,73.7037037037037,3066.767435970997
676,52.409571740722264,74.44444444444444,3066.767435970997
677,52.409571740722264,75.18518518518519,3066.767435970997
678,52.409571740722264,75.92592592592592,3066.767435970997
679,52.409571740722264,76.66666666666666,3066.767435970997
680,52.409571740722264,77.4074074074074,3066.767435970997
681,52.409571740722264,78.14814814814814,3066.767435970997
682,52.95956783750004,61.85185185185185,3028.197894098334
683,52.95956783750004,62.59259259259258,3028.197894098334
684,52.95956783750004,64.07407407407408,3028.197894098334
685,52.95956783750004,64.81481481481481,3028.197894098334
686,52.95956783750004,66.29629629629629,3028.197894098334
687,52.95956783750004,67.03703703703702,3028.197894098334
688,52.95956783750004,68.51851851851852,3028.197894098334
689,52.95956783750004,69.25925925925925,3028.197894098334
690,52.95956783750004,70.74074074074075,3028.197894098334
691,52.95956783750004,71.48148148148147,3028.197894098334
692,52.95956783750004,72.96296296296296,3028.197894098334
693,52.95956783750004,73.7037037037037,3028.197894098334
694,52.95956783750004,75.18518518518519,3028.197894098334
695,52.95956783750004,75.92592592592592,3028.197894098334
696,52.95956783750004,77.4074074074074,3028.197894098334
697,52.95956783750004,78.14814814814814,3028.197894098334
698,53.50956393427781,61.85185185185185,2989.3551163694624
699,53.50956393427781,62.59259259259258,2989.3551163694624
700,53.50956393427781,63.33333333333333,2989.3551163694624
701,53.50956393427781,64.07407407407408,2989.3551163694624
702,53.50956393427781,64.81481481481481,2989.3551163694624
703,53.50956393427781,65.55555555555556,2989.3551163694624
704,53.50956393427781,66.29629629629629,2989.3551163694624
705,53.50956393427781,67.03703703703702,2989.3551163694624
706,53.50956393427781,67.77777777777777,2989.3551163694624
707,53.50956393427781,68.51851851851852,2989.3551163694624
708,53.50956393427781,69.25925925925925,2989.3551163694624
709,53.50956393427781,70.0,2989.3551163694624
710,53.50956393427781,70.74074074074075,2989.3551163694624
711,53.50956393427781,71.48148148148147,2989.3551163694624
712,53.50956393427781,72.22222222222221,2989.3551163694624
713,53.50956393427781,72.96296296296296,2989.3551163694624
714,53.50956393427781,73.7037037037037,2989.3551163694624
715,53.50956393427781,74.44444444444444,2989.3551163694624
716,53.50956393427781,75.18518518518519,2989.3551163694624
717,53.50956393427781,75.92592592592592,2989.3551163694624
718,53.50956393427781,76.66666666666666,2989.3551163694624
719,53.50956393427781,77.4074074074074,2989.3551163694624
720,54.05956003105559,63.33333333333333,2950.2427455475995
721,54.05956003105559,64.07407407407408,2950.2427455475995
722,54.05956003105559,64.81481481481481,2950.2427455475995
723,54.05956003105559,65.55555555555556,2950.2427455475995
724,54.05956003105559,66.29629629629629,2950.2427455475995
725,54.05956003105559,67.03703703703702,2950.2427455475995
726,54.05956003105559,67.77777777777777,2950.2427455475995
727,54.05956003105559,68.51851851851852,2950.2427455475995
728,54.05956003105559,69.25925925925925,2950.2427455475995
729,54.05956003105559,70.0,2950.2427455475995
730,54.05956003105559,70.74074074074075,2950.2427455475995
731,54.05956003105559,71.48148148148147,2950.2427455475995
732,54.05956003105559,72.22222222222221,2950.2427455475995
733,54.05956003105559,72.96296296296296,2950.2427455475995
734,54.05956003105559,75.92592592592592,2950.2427455475995
735,54.609556127833365,66.29629629629629,2910.8644443802345
736,54.609556127833365,67.03703703703702,2910.8644443802345
737,54.609556127833365,68.51851851851852,2910.8644443802345
738,54.609556127833365,69.25925925925925,2910.8644443802345
739,54.609556127833365,70.74074074074075,2910.8644443802345
740,55.15955222461113,68.51851851851852,2871.2238952106914
741,55.15955222461113,69.25925925925925,2871.2238952106914
742,55.15955222461113,70.0,2871.2238952106914
743,55.15955222461113,70.74074074074075,2871.2238952106914
744,48.00960296650007,83.33333333333333,3365.0570545882783
745,46.35961467616674,81.11111111111111,3471.978186956163
746,48.00960296650007,81.11111111111111,3365.0570545882783
747,49.659591256833394,81.11111111111111,3255.3905590690138
748,49.659591256833394,83.33333333333333,3255.3905590690138
749,43.0596380955001,80.37037037037037,3677.2195992886777
750,43.609634192277866,80.37037037037037,3643.831123706016
751,44.709626385833424,80.37037037037037,3576.062255163436
752,45.25962248261119,80.37037037037037,3541.6883727653344
753,45.25962248261119,81.11111111111111,3541.6883727653344
754,45.25962248261119,81.85185185185185,3541.6883727653344
755,45.25962248261119,82.59259259259258,3541.6883727653344
756,45.809618579388975,80.37037037037037,3506.9925763134584
757,45.809618579388975,81.11111111111111,3506.9925763134584
758,45.809618579388975,81.85185185185185,3506.9925763134584
759,46.35961467616674,80.37037037037037,3471.978186956163
760,46.35961467616674,81.85185185185185,3471.978186956163
761,46.35961467616674,82.59259259259258,3471.978186956163
762,46.90961077294452,80.37037037037037,3436.6485514492356
763,46.90961077294452,81.11111111111111,3436.6485514492356
764,46.90961077294452,81.85185185185185,3436.6485514492356
765,46.90961077294452,82.59259259259258,3436.6485514492356
766,46.90961077294452,84.81481481481481,3436.6485514492356
767,47.45960686972229,80.37037037037037,3401.0070417460092
768,47.45960686972229,81.11111111111111,3401.0070417460092
769,47.45960686972229,81.85185185185185,3401.0070417460092
770,47.45960686972229,82.59259259259258,3401.0070417460092
771,47.45960686972229,83.33333333333333,3401.0070417460092
772,47.45960686972229,84.07407407407408,3401.0070417460092
773,47.45960686972229,84.81481481481481,3401.0070417460092
774,47.45960686972229,85.55555555555556,3401.0070417460092
775,48.00960296650007,80.37037037037037,3365.0570545882783
776,48.00960296650007,81.85185185185185,3365.0570545882783
777,48.00960296650007,82.59259259259258,3365.0570545882783
778,48.00960296650007,84.07407407407408,3365.0570545882783
779,48.00960296650007,84.81481481481481,3365.0570545882783
780,48.55959906327784,80.37037037037037,3328.8020110981347
781,48.55959906327784,81.11111111111111,3328.8020110981347
782,48.55959906327784,81.85185185185185,3328.8020110981347
783,48.55959906327784,82.59259259259258,3328.8020110981347
784,48.55959906327784,83.33333333333333,3328.8020110981347
785,48.55959906327784,84.07407407407408,3328.8020110981347
786,48.55959906327784,84.81481481481481,3328.8020110981347
787,48.55959906327784,85.55555555555556,3328.8020110981347
788,48.55959906327784,86.2962962962963,3328.8020110981347
789,49.10959516005562,80.37037037037037,3292.245356370867
790,49.10959516005562,81.11111111111111,3292.245356370867
791,49.10959516005562,81.85185185185185,3292.245356370867
792,49.10959516005562,82.59259259259258,3292.245356370867
793,49.10959516005562,83.33333333333333,3292.245356370867
794,49.10959516005562,84.07407407407408,3292.245356370867
795,49.10959516005562,84.81481481481481,3292.245356370867
796,49.10959516005562,85.55555555555556,3292.245356370867
797,49.10959516005562,86.2962962962963,3292.245356370867
798,49.10959516005562,87.03703703703702,3292.245356370867
799,49.659591256833394,80.37037037037037,3255.3905590690138
800,49.659591256833394,81.85185185185185,3255.3905590690138
801,49.659591256833394,82.59259259259258,3255.3905590690138
802,49.659591256833394,84.07407407407408,3255.3905590690138
803,49.659591256833394,84.81481481481481,3255.3905590690138
804,50.20958735361116,80.37037037037037,3218.241111017703
805,50.20958735361116,81.11111111111111,3218.241111017703
806,50.20958735361116,81.85185185185185,3218.241111017703
807,50.20958735361116,82.59259259259258,3218.241111017703
808,50.20958735361116,83.33333333333333,3218.241111017703
809,50.20958735361116,84.07407407407408,3218.241111017703
810,50.759583450388945,80.37037037037037,3180.800526801382
811,50.759583450388945,81.11111111111111,3180.800526801382
812,50.759583450388945,81.85185185185185,3180.800526801382
813,50.759583450388945,82.59259259259258,3180.800526801382
814,50.759583450388945,83.33333333333333,3180.800526801382
