Point Number,Latitude (deg),Longitude (deg),Revisit Time (sec)
254,40.859653708389004,68.51851851851852,22994.82213052851
20,41.40964980516677,55.925925925925924,22208.020918587223
255,41.40964980516677,67.03703703703702,22208.00599215657
201,41.40964980516677,67.77777777777777,22208.14806277759
256,41.40964980516677,68.51851851851852,22208.295599113335
21,41.95964590194455,55.185185185185176,21433.829155490675
22,41.95964590194455,55.925925925925924,21432.948340529867
257,41.95964590194455,67.03703703703702,21432.86708895152
258,41.95964590194455,67.77777777777777,21433.738223287568
259,41.95964590194455,68.51851851851852,21431.15000301518
260,41.95964590194455,69.25925925925925,21433.19584830338
261,41.95964590194455,70.0,21433.163689356472
23,42.50964199872232,52.962962962962955,21388.754880673194
24,42.50964199872232,53.7037037037037,21388.768814983603
25,42.50964199872232,54.444444444444436,21388.70780932688
26,42.50964199872232,55.185185185185176,21388.716241936927
27,42.50964199872232,55.925925925925924,21388.77836864363
262,42.50964199872232,66.29629629629629,21388.74076771777
263,42.50964199872232,67.03703703703702,21388.57744659818
264,42.50964199872232,67.77777777777777,21388.72857075627
265,42.50964199872232,68.51851851851852,21388.696162889188
266,42.50964199872232,69.25925925925925,21388.75734656927
267,42.50964199872232,70.0,21388.559760461358
268,42.50964199872232,70.74074074074075,21388.702915375354
269,42.50964199872232,79.62962962962963,21388.463174865785
2,43.0596380955001,52.222222222222214,20601.83812999702
28,43.0596380955001,52.962962962962955,20602.0291992969
29,43.0596380955001,53.7037037037037,20601.073899531155
3,43.0596380955001,54.444444444444436,20601.71685422701
30,43.0596380955001,55.185185185185176,20601.907291220617
31,43.0596380955001,55.925925925925924,20602.10250911303
270,43.0596380955001,66.29629629629629,20601.610008336076
271,43.0596380955001,67.03703703703702,20601.163724832557
202,43.0596380955001,67.77777777777777,20601.924866663874
272,43.0596380955001,68.51851851851852,20601.732269623753
273,43.0596380955001,69.25925925925925,20601.546447124783
193,43.0596380955001,70.0,20602.04911689012
274,43.0596380955001,70.74074074074075,20601.853518351825
275,43.0596380955001,71.48148148148147,20601.66489984299
203,43.0596380955001,72.22222222222221,20601.482933831634
276,43.0596380955001,72.96296296296296,20601.98558286793
277,43.0596380955001,75.18518518518519,20602.118216355855
278,43.0596380955001,75.92592592592592,20601.919776563358
194,43.0596380955001,76.66666666666666,20601.727577535086
279,43.0596380955001,77.4074074074074,20601.706566167617
280,43.0596380955001,78.14814814814814,20602.042492835433
204,43.0596380955001,78.88888888888889,20601.846446742537
281,43.0596380955001,79.62962962962963,20601.65727499302
749,43.0596380955001,80.37037037037037,20601.773687916473
32,43.609634192277866,51.481481481481474,19826.447237036482
33,43.609634192277866,52.222222222222214,19825.21375754918
34,43.609634192277866,52.962962962962955,19824.155543877656
35,43.609634192277866,53.7037037037037,19827.371484009724
36,43.609634192277866,54.444444444444436,19825.97908535553
37,43.609634192277866,55.185185185185176,19824.817931483907
38,43.609634192277866,55.925925925925924,19823.81153880409
282,43.609634192277866,61.85185185185185,19824.020860536373
283,43.609634192277866,62.59259259259258,19825.058519745216
284,43.609634192277866,64.07407407407408,19827.719859464458
285,43.609634192277866,65.55555555555556,19825.45440485506
286,43.609634192277866,66.29629629629629,19826.73036921749
287,43.609634192277866,67.03703703703702,19823.715193507902
288,43.609634192277866,67.77777777777777,19824.710140652605
289,43.609634192277866,68.51851851851852,19825.85498891826
290,43.609634192277866,69.25925925925925,19827.220274988766
291,43.609634192277866,70.0,19824.051292281947
292,43.609634192277866,70.74074074074075,19825.093689598958
293,43.609634192277866,71.48148148148147,19826.30538229033
294,43.609634192277866,72.22222222222221,19827.777141214552
295,43.609634192277866,72.96296296296296,19824.40473523538
296,43.609634192277866,73.7037037037037,19825.498015254387
297,43.609634192277866,74.44444444444444,19826.783621320094
298,43.609634192277866,75.18518518518519,19820.63809360459
299,43.609634192277866,75.92592592592592,19824.74623049004
300,43.609634192277866,76.66666666666666,19827.461558858507
301,43.609634192277866,77.4074074074074,19827.267625883047
302,43.609634192277866,78.14814814814814,19820.424867208174
303,43.609634192277866,78.88888888888889,19825.129871637328
304,43.609634192277866,79.62962962962963,19826.937985225726
750,43.609634192277866,80.37037037037037,19827.830015496176
39,44.15963028905565,51.481481481481474,19777.737427277956
40,44.15963028905565,52.222222222222214,19777.78431354894
41,44.15963028905565,52.962962962962955,19777.830113171425
42,44.15963028905565,53.7037037037037,19777.636502612906
43,44.15963028905565,54.444444444444436,19777.72638853418
44,44.15963028905565,55.185185185185176,19777.803598726983
45,44.15963028905565,55.925925925925924,19777.848070245993
305,44.15963028905565,61.85185185185185,19777.83627862262
306,44.15963028905565,62.59259259259258,19777.69090285887
307,44.15963028905565,63.33333333333333,19777.610183917102
308,44.15963028905565,64.07407407407408,19777.65674646676
309,44.15963028905565,64.81481481481481,19777.819965550283
310,44.15963028905565,65.55555555555556,19777.702143556453
311,44.15963028905565,66.29629629629629,19777.618380641972
312,44.15963028905565,67.03703703703702,19777.851489770925
313,44.15963028905565,67.77777777777777,19777.808807837122
314,44.15963028905565,68.51851851851852,19777.766461376494
315,44.15963028905565,69.25925925925925,19777.754281235437
316,44.15963028905565,70.0,19777.835890065355
317,44.15963028905565,70.74074074074075,19777.793692729552
318,44.15963028905565,71.48148148148147,19777.752423438928
319,44.15963028905565,72.22222222222221,19777.76791552428
320,44.15963028905565,72.96296296296296,19777.816958586074
321,44.15963028905565,73.7037037037037,19777.777050745382
322,44.15963028905565,74.44444444444444,19777.73997831522
323,44.15963028905565,75.18518518518519,19777.849532574997
324,44.15963028905565,75.92592592592592,19777.80745306355
325,44.15963028905565,76.66666666666666,19777.765843795234
326,44.15963028905565,77.4074074074074,19777.756291356665
327,44.15963028905565,78.14814814814814,19777.835539979744
328,44.15963028905565,78.88888888888889,19777.84355314035
329,44.15963028905565,79.62962962962963,19777.752217817644
46,44.709626385833424,51.481481481481474,18986.667613590136
4,44.709626385833424,52.222222222222214,18986.774276398588
47,44.709626385833424,52.962962962962955,18986.884645151964
48,44.709626385833424,53.7037037037037,18986.90201694376
5,44.709626385833424,54.444444444444436,18986.697608420043
49,44.709626385833424,55.185185185185176,18986.80564361828
50,44.709626385833424,55.925925925925924,18986.402987806476
330,44.709626385833424,60.37037037037036,18986.777843861957
205,44.709626385833424,61.11111111111111,18986.889170513663
331,44.709626385833424,61.85185185185185,18986.899116255634
332,44.709626385833424,62.59259259259258,18986.78736071907
206,44.709626385833424,63.33333333333333,18986.679349521917
333,44.709626385833424,64.07407407407408,18986.361552147166
334,44.709626385833424,64.81481481481481,18986.860253356834
207,44.709626385833424,65.55555555555556,18986.749413980695
335,44.709626385833424,66.29629629629629,18986.642935497708
336,44.709626385833424,67.03703703703702,18986.393414388585
208,44.709626385833424,67.77777777777777,18986.817502555205
337,44.709626385833424,68.51851851851852,18986.7097154331
338,44.709626385833424,69.25925925925925,18986.60623618812
209,44.709626385833424,70.0,18986.894846291747
339,44.709626385833424,70.74074074074075,18986.783847434097
340,44.709626385833424,71.48148148148147,18986.676737523463
210,44.709626385833424,72.22222222222221,18986.573324506462
341,44.709626385833424,72.96296296296296,18986.857875647023
342,44.709626385833424,73.7037037037037,18986.747369435325
211,44.709626385833424,74.44444444444444,18986.659650346217
343,44.709626385833424,75.18518518518519,18986.53823404273
344,44.709626385833424,75.92592592592592,18986.813246423437
212,44.709626385833424,76.66666666666666,18986.704862190527
345,44.709626385833424,77.4074074074074,18986.695674142953
346,44.709626385833424,78.14814814814814,18986.89062622015
213,44.709626385833424,78.88888888888889,18986.77949130017
347,44.709626385833424,79.62962962962963,18986.672760760353
751,44.709626385833424,80.37037037037037,18986.731281038854
51,45.25962248261119,51.481481481481474,18196.25748116261
52,45.25962248261119,52.222222222222214,18196.061056191276
53,45.25962248261119,52.962962962962955,18196.734530454734
54,45.25962248261119,53.7037037037037,18196.95287823805
55,45.25962248261119,54.444444444444436,18196.191412057204
56,45.25962248261119,55.185185185185176,18196.000672172348
57,45.25962248261119,55.925925925925924,18196.81276678841
58,45.25962248261119,56.66666666666666,18195.907547582014
59,45.25962248261119,59.629629629629626,18195.974469997585
348,45.25962248261119,60.37037037037036,18196.16530241041
349,45.25962248261119,61.11111111111111,18196.984180996697
350,45.25962248261119,61.85185185185185,18195.853459434875
351,45.25962248261119,62.59259259259258,18196.039560820413
352,45.25962248261119,63.33333333333333,18196.232627556878
353,45.25962248261119,64.07407407407408,18196.906115321923
354,45.25962248261119,64.81481481481481,18195.911589678144
355,45.25962248261119,65.55555555555556,18196.101963299676
356,45.25962248261119,66.29629629629629,18196.299454476262
357,45.25962248261119,67.03703703703702,18196.833370448323
358,45.25962248261119,67.77777777777777,18196.61393926781
359,45.25962248261119,68.51851851851852,18196.172731460072
360,45.25962248261119,69.25925925925925,18196.978322330717
361,45.25962248261119,70.0,18196.758023621573
362,45.25962248261119,70.74074074074075,18196.54297383487
363,45.25962248261119,71.48148148148147,18196.24109331396
364,45.25962248261119,72.22222222222221,18196.896315297578
365,45.25962248261119,72.96296296296296,18196.67728081072
366,45.25962248261119,73.7037037037037,18196.4689347675
367,45.25962248261119,74.44444444444444,18196.30391150486
368,45.25962248261119,75.18518518518519,18196.82633217622
369,45.25962248261119,75.92592592592592,18196.722673572556
370,45.25962248261119,76.66666666666666,18196.400184766404
371,45.25962248261119,77.4074074074074,18196.97259859083
372,45.25962248261119,78.14814814814814,18196.752665208653
373,45.25962248261119,78.88888888888889,18196.799355432027
374,45.25962248261119,79.62962962962963,18196.33070471062
752,45.25962248261119,80.37037037037037,18196.8881685246
753,45.25962248261119,81.11111111111111,18196.668396287714
754,45.25962248261119,81.85185185185185,18196.87434697771
755,45.25962248261119,82.59259259259258,18196.310044049867
60,45.809618579388975,52.962962962962955,17408.477124214638
61,45.809618579388975,53.7037037037037,17408.018176392245
62,45.809618579388975,54.444444444444436,17407.58852804525
63,45.809618579388975,55.185185185185176,17407.67064394556
64,45.809618579388975,55.925925925925924,17408.32464649796
65,45.809618579388975,56.66666666666666,17407.87429614755
66,45.809618579388975,57.407407407407405,17407.45196059061
67,45.809618579388975,58.14814814814814,17407.81938799788
68,45.809618579388975,58.888888888888886,17408.26542444934
69,45.809618579388975,59.629629629629626,17407.731703459052
375,45.809618579388975,60.37037037037036,17407.532088502485
376,45.809618579388975,61.11111111111111,17407.965204711712
377,45.809618579388975,61.85185185185185,17408.42278469236
378,45.809618579388975,62.59259259259258,17407.57328327681
379,45.809618579388975,63.33333333333333,17407.68478554173
380,45.809618579388975,64.07407407407408,17408.12510917426
381,45.809618579388975,64.81481481481481,17407.858935432974
382,45.809618579388975,65.55555555555556,17407.436892225465
383,45.809618579388975,66.29629629629629,17407.8371278469
384,45.809618579388975,67.03703703703702,17408.283746867382
385,45.809618579388975,67.77777777777777,17407.717130715027
386,45.809618579388975,68.51851851851852,17407.545483781258
387,45.809618579388975,69.25925925925925,17407.97797913989
388,45.809618579388975,70.0,17408.43514356247
389,45.809618579388975,70.74074074074075,17407.279001133284
390,45.809618579388975,71.48148148148147,17407.697698862
391,45.809618579388975,72.22222222222221,17408.139034338936
392,45.809618579388975,72.96296296296296,17406.38342224207
393,45.809618579388975,73.7037037037037,17407.426793950726
394,45.809618579388975,74.44444444444444,17407.853177972487
395,45.809618579388975,75.18518518518519,17408.3019011835
396,45.809618579388975,75.92592592592592,17406.262884905154
397,45.809618579388975,76.66666666666666,17405.912397112814
398,45.809618579388975,77.4074074074074,17407.993111199117
399,45.809618579388975,78.14814814814814,17408.45008214278
400,45.809618579388975,78.88888888888889,17406.142790847924
401,45.809618579388975,79.62962962962963,17405.79629695136
756,45.809618579388975,80.37037037037037,17408.153384496574
757,45.809618579388975,81.11111111111111,17406.37124641717
758,45.809618579388975,81.85185185185185,17408.188009304966
70,46.35961467616674,53.7037037037037,16623.15934921545
6,46.35961467616674,54.444444444444436,16621.272332047403
71,46.35961467616674,55.185185185185176,16619.90527976188
72,46.35961467616674,55.925925925925924,16618.797857851954
7,46.35961467616674,56.66666666666666,16622.43963831186
73,46.35961467616674,57.407407407407405,16620.782809843076
74,46.35961467616674,58.14814814814814,16619.5192378005
8,46.35961467616674,58.888888888888886,16618.661930552073
75,46.35961467616674,59.629629629629626,16621.81068704487
402,46.35961467616674,60.37037037037036,16621.078841114737
214,46.35961467616674,61.11111111111111,16619.142698089126
403,46.35961467616674,61.85185185185185,16619.027532543463
404,46.35961467616674,62.59259259259258,16620.185830906383
215,46.35961467616674,63.33333333333333,16621.63276208786
405,46.35961467616674,64.07407407407408,16623.71826990095
406,46.35961467616674,64.81481481481481,16619.409765689634
216,46.35961467616674,65.55555555555556,16620.647298811557
407,46.35961467616674,66.29629629629629,16622.245022298535
408,46.35961467616674,67.03703703703702,16624.846146908836
217,46.35961467616674,67.77777777777777,16619.786650515627
409,46.35961467616674,68.51851851851852,16621.121732541127
410,46.35961467616674,69.25925925925925,16622.93149947215
218,46.35961467616674,70.0,17366.996465471777
411,46.35961467616674,70.74074074074075,16620.225962234545
412,46.35961467616674,71.48148148148147,16621.688154246367
219,46.35961467616674,72.22222222222221,16623.811871181824
413,46.35961467616674,72.96296296296296,17366.998070637972
414,46.35961467616674,73.7037037037037,16624.268702812114
220,46.35961467616674,74.44444444444444,16622.318468288402
415,46.35961467616674,75.18518518518519,16625.00306448035
416,46.35961467616674,75.92592592592592,17366.997834789596
221,46.35961467616674,76.66666666666666,16623.300358305554
417,46.35961467616674,77.4074074074074,16623.00399994891
418,46.35961467616674,78.14814814814814,17366.99487268523
222,46.35961467616674,78.88888888888889,16625.517012375
419,46.35961467616674,79.62962962962963,16622.52672991951
759,46.35961467616674,80.37037037037037,16623.90498644981
745,46.35961467616674,81.11111111111111,17366.998143934878
760,46.35961467616674,81.85185185185185,16624.17119411615
761,46.35961467616674,82.59259259259258,16622.387779764307
76,46.90961077294452,49.25925925925925,16570.88610255922
77,46.90961077294452,49.99999999999999,16570.87968848244
78,46.90961077294452,50.74074074074073,16570.875374224037
79,46.90961077294452,52.222222222222214,16570.886007536435
80,46.90961077294452,53.7037037037037,16570.875389158784
81,46.90961077294452,54.444444444444436,16570.872766673623
82,46.90961077294452,55.185185185185176,16570.877945824643
83,46.90961077294452,55.925925925925924,16570.873915669326
84,46.90961077294452,56.66666666666666,16570.869312451396
85,46.90961077294452,57.407407407407405,16570.86853149318
86,46.90961077294452,58.14814814814814,16570.879140066216
87,46.90961077294452,58.888888888888886,16570.87459451385
88,46.90961077294452,59.629629629629626,16570.872386096977
420,46.90961077294452,60.37037037037036,16570.872269578977
421,46.90961077294452,61.11111111111111,16570.879605748923
422,46.90961077294452,61.85185185185185,16570.877483841163
423,46.90961077294452,62.59259259259258,16570.882657727685
424,46.90961077294452,63.33333333333333,16570.87371624756
425,46.90961077294452,64.07407407407408,16570.87528883599
426,46.90961077294452,64.81481481481481,16570.878930252686
427,46.90961077294452,65.55555555555556,16570.884845388682
428,46.90961077294452,66.29629629629629,16570.869107563864
429,46.90961077294452,67.03703703703702,16570.87253343634
430,46.90961077294452,67.77777777777777,16570.878359097173
431,46.90961077294452,68.51851851851852,16570.88182987881
432,46.90961077294452,69.25925925925925,16570.873622330313
433,46.90961077294452,70.0,16570.87770300475
434,46.90961077294452,70.74074074074075,16570.883641716646
435,46.90961077294452,71.48148148148147,16570.874441333464
436,46.90961077294452,72.22222222222221,16570.876664682815
437,46.90961077294452,72.96296296296296,16570.880581999838
438,46.90961077294452,73.7037037037037,16570.886351890804
439,46.90961077294452,74.44444444444444,16570.86926083936
440,46.90961077294452,75.18518518518519,16570.883918528358
441,46.90961077294452,75.92592592592592,16570.877440809098
442,46.90961077294452,76.66666666666666,16570.880441943125
443,46.90961077294452,77.4074074074074,16570.873326952336
444,46.90961077294452,78.14814814814814,16570.88131566008
445,46.90961077294452,78.88888888888889,16570.883398419362
446,46.90961077294452,79.62962962962963,15827.638964136539
762,46.90961077294452,80.37037037037037,16570.883996218414
763,46.90961077294452,81.11111111111111,16570.881467142957
764,46.90961077294452,81.85185185185185,16570.887880787952
765,46.90961077294452,82.59259259259258,15827.32851313299
766,46.90961077294452,84.81481481481481,16570.873632380444
89,47.45960686972229,48.51851851851851,15773.711226081185
90,47.45960686972229,49.25925925925925,15773.71577879577
91,47.45960686972229,49.99999999999999,15773.71063172142
92,47.45960686972229,50.74074074074073,15773.711814374954
93,47.45960686972229,51.481481481481474,15773.71576601385
94,47.45960686972229,52.222222222222214,15773.718904651294
95,47.45960686972229,52.962962962962955,15028.789696621941
96,47.45960686972229,53.7037037037037,15773.706575127086
97,47.45960686972229,54.444444444444436,15773.718087507754
98,47.45960686972229,55.185185185185176,15773.715601754317
99,47.45960686972229,55.925925925925924,15027.835845325026
100,47.45960686972229,56.66666666666666,15773.710965420934
101,47.45960686972229,57.407407407407405,15773.715791906317
102,47.45960686972229,58.14814814814814,15030.053256720712
103,47.45960686972229,58.888888888888886,15027.532842689106
104,47.45960686972229,59.629629629629626,15773.71767199706
447,47.45960686972229,60.37037037037036,15773.719789994473
448,47.45960686972229,61.11111111111111,15028.699099087331
449,47.45960686972229,61.85185185185185,15028.390401549928
450,47.45960686972229,62.59259259259258,15773.718663262756
451,47.45960686972229,63.33333333333333,15773.715918862028
452,47.45960686972229,64.07407407407408,15773.704927237857
453,47.45960686972229,64.81481481481481,15029.574198675866
454,47.45960686972229,65.55555555555556,15773.716915728786
455,47.45960686972229,66.29629629629629,15773.711690634256
456,47.45960686972229,67.03703703703702,15773.708635400995
457,47.45960686972229,67.77777777777777,15773.716280942841
458,47.45960686972229,68.51851851851852,15773.710955891002
459,47.45960686972229,69.25925925925925,15773.70794402156
460,47.45960686972229,70.0,15773.707107462164
461,47.45960686972229,70.74074074074075,15773.717967088975
462,47.45960686972229,71.48148148148147,15773.71325051249
463,47.45960686972229,72.22222222222221,15773.705653575598
464,47.45960686972229,72.96296296296296,15773.708916639705
465,47.45960686972229,73.7037037037037,15773.718050196476
466,47.45960686972229,74.44444444444444,15773.713101612462
467,47.45960686972229,75.18518518518519,15773.709884728887
468,47.45960686972229,75.92592592592592,15773.716136806644
469,47.45960686972229,76.66666666666666,15773.710311909032
470,47.45960686972229,77.4074074074074,15773.706671164487
471,47.45960686972229,78.14814814814814,15773.70534330557
472,47.45960686972229,78.88888888888889,15773.717364012613
473,47.45960686972229,79.62962962962963,15773.712428333063
767,47.45960686972229,80.37037037037037,15773.705100441468
768,47.45960686972229,81.11111111111111,15773.709002662741
769,47.45960686972229,81.85185185185185,15773.71783149871
770,47.45960686972229,82.59259259259258,15773.713721426786
771,47.45960686972229,83.33333333333333,15773.716910773968
772,47.45960686972229,84.07407407407408,15773.710218965367
773,47.45960686972229,84.81481481481481,15773.711022637144
774,47.45960686972229,85.55555555555556,15773.713809256617
9,48.00960296650007,47.77777777777777,14224.028841485939
105,48.00960296650007,48.51851851851851,14222.256172982161
106,48.00960296650007,49.25925925925925,14222.678984260478
0,48.00960296650007,49.99999999999999,14223.466063604981
107,48.00960296650007,50.74074074074073,14220.435477099614
108,48.00960296650007,51.481481481481474,14222.220928297727
10,48.00960296650007,52.222222222222214,14222.950314416143
109,48.00960296650007,52.962962962962955,14223.771888855495
110,48.00960296650007,53.7037037037037,14220.23995175038
11,48.00960296650007,54.444444444444436,14219.744879039208
111,48.00960296650007,55.185185185185176,14223.199578564381
112,48.00960296650007,55.925925925925924,14224.05823230592
1,48.00960296650007,56.66666666666666,14220.078006646829
113,48.00960296650007,57.407407407407405,14219.591620496649
114,48.00960296650007,58.14814814814814,14223.492795972736
12,48.00960296650007,58.888888888888886,14224.192203474711
115,48.00960296650007,59.629629629629626,14219.910596575704
474,48.00960296650007,60.37037037037036,14219.681213922275
223,48.00960296650007,61.11111111111111,14223.801251589553
475,48.00960296650007,61.85185185185185,14223.884466825184
476,48.00960296650007,62.59259259259258,14223.046138531776
195,48.00960296650007,63.33333333333333,14219.856889034621
477,48.00960296650007,64.07407407407408,14220.364960329229
478,48.00960296650007,64.81481481481481,14223.581638747331
224,48.00960296650007,65.55555555555556,14222.780857715414
479,48.00960296650007,66.29629629629629,14220.032132637221
480,48.00960296650007,67.03703703703702,14224.153622474085
225,48.00960296650007,67.77777777777777,14223.285364335636
481,48.00960296650007,68.51851851851852,14222.523177572191
482,48.00960296650007,69.25925925925925,14220.192244843813
196,48.00960296650007,70.0,14223.855511857255
483,48.00960296650007,70.74074074074075,14223.023310881894
484,48.00960296650007,71.48148148148147,14222.285818698569
226,48.00960296650007,72.22222222222221,14221.620965773069
485,48.00960296650007,72.96296296296296,14223.558412531798
486,48.00960296650007,73.7037037037037,14222.759621064295
227,48.00960296650007,74.44444444444444,14222.180044175402
487,48.00960296650007,75.18518518518519,14224.11995309376
488,48.00960296650007,75.92592592592592,14223.253595779068
197,48.00960296650007,76.66666666666666,14222.493088226329
489,48.00960296650007,77.4074074074074,14222.420786502626
490,48.00960296650007,78.14814814814814,14223.823531020491
228,48.00960296650007,78.88888888888889,14222.996073197399
491,48.00960296650007,79.62962962962963,14222.263341670216
775,48.00960296650007,80.37037037037037,14222.66108822482
746,48.00960296650007,81.11111111111111,14223.532691844273
776,48.00960296650007,81.85185185185185,14222.73891410866
777,48.00960296650007,82.59259259259258,14222.2028896517
744,48.00960296650007,83.33333333333333,14224.08971652924
778,48.00960296650007,84.07407407407408,14223.749458809063
779,48.00960296650007,84.81481481481481,14222.467018612544
116,48.55959906327784,47.03703703703703,13413.610652586969
117,48.55959906327784,47.77777777777777,13413.946249023516
118,48.55959906327784,48.51851851851851,13413.723644607278
119,48.55959906327784,49.25925925925925,13413.473875075928
120,48.55959906327784,49.99999999999999,13413.684516507143
121,48.55959906327784,50.74074074074073,13413.901207541887
122,48.55959906327784,51.481481481481474,13413.648754307731
123,48.55959906327784,52.222222222222214,13413.53795324982
124,48.55959906327784,52.962962962962955,13413.754176038405
125,48.55959906327784,53.7037037037037,13413.97658016847
126,48.55959906327784,54.444444444444436,13413.573124614253
127,48.55959906327784,55.185185185185176,13413.6177408988
128,48.55959906327784,55.925925925925924,13413.938948827505
129,48.55959906327784,56.66666666666666,13413.717958708527
130,48.55959906327784,57.407407407407405,13413.504626783819
131,48.55959906327784,58.14814814814814,13413.694684017799
132,48.55959906327784,58.888888888888886,13413.911347363319
133,48.55959906327784,59.629629629629626,13413.643866744824
492,48.55959906327784,60.37037037037036,13413.544240253977
493,48.55959906327784,61.11111111111111,13413.759455811814
494,48.55959906327784,61.85185185185185,13413.981007188908
495,48.55959906327784,62.59259259259258,13413.562807777547
496,48.55959906327784,63.33333333333333,13413.623594837729
497,48.55959906327784,64.07407407407408,13413.930220594164
498,48.55959906327784,64.81481481481481,13413.709914684761
499,48.55959906327784,65.55555555555556,13413.497912358667
500,48.55959906327784,66.29629629629629,13413.703266941942
501,48.55959906327784,67.03703703703702,13413.921376890328
502,48.55959906327784,67.77777777777777,13413.639078534616
503,48.55959906327784,68.51851851851852,13413.428225346317
504,48.55959906327784,69.25925925925925,13413.766981100023
505,48.55959906327784,70.0,13413.987808051053
506,48.55959906327784,70.74074074074075,13413.554745536996
507,48.55959906327784,71.48148148148147,13413.347922209708
508,48.55959906327784,72.22222222222221,13413.849014387932
509,48.55959906327784,72.96296296296296,13413.701984290848
510,48.55959906327784,73.7037037037037,13413.48977271479
511,48.55959906327784,74.44444444444444,13413.285932719766
512,48.55959906327784,75.18518518518519,13413.928862027125
513,48.55959906327784,75.92592592592592,13413.631820204435
514,48.55959906327784,76.66666666666666,13413.422643349739
515,48.55959906327784,77.4074074074074,13413.220514428394
516,48.55959906327784,78.14814814814814,13413.025158218457
517,48.55959906327784,78.88888888888889,13413.066677333874
518,48.55959906327784,79.62962962962963,13413.341169529245
780,48.55959906327784,80.37037037037037,13413.141856964328
781,48.55959906327784,81.11111111111111,13412.950286086532
782,48.55959906327784,81.85185185185185,13413.13317783922
783,48.55959906327784,82.59259259259258,13413.330711269642
784,48.55959906327784,83.33333333333333,13413.082037585322
785,48.55959906327784,84.07407407407408,13413.000790005783
786,48.55959906327784,84.81481481481481,13413.195862400491
787,48.55959906327784,85.55555555555556,13413.401600782352
788,48.55959906327784,86.2962962962963,13413.02009094163
134,49.10959516005562,47.03703703703703,12607.015227326076
135,49.10959516005562,47.77777777777777,12607.034056834877
136,49.10959516005562,48.51851851851851,12607.10230017372
137,49.10959516005562,49.25925925925925,12607.0645814921
138,49.10959516005562,49.99999999999999,12606.99503145006
139,49.10959516005562,50.74074074074073,12607.058934750734
140,49.10959516005562,51.481481481481474,12606.86267043103
141,49.10959516005562,52.222222222222214,12606.831857374898
142,49.10959516005562,52.962962962962955,12606.96282177302
143,49.10959516005562,53.7037037037037,12606.896371237934
144,49.10959516005562,54.444444444444436,12606.833558371116
145,49.10959516005562,55.185185185185176,12606.85372321462
146,49.10959516005562,55.925925925925924,12606.944829476532
147,49.10959516005562,56.66666666666666,12606.879597964406
148,49.10959516005562,57.407407407407405,12606.818273820216
149,49.10959516005562,58.14814814814814,12606.875027233371
150,49.10959516005562,58.888888888888886,12606.925305736368
151,49.10959516005562,59.629629629629626,12606.861567727581
519,49.10959516005562,60.37037037037036,12606.831079895986
520,49.10959516005562,61.11111111111111,12606.895159111475
521,49.10959516005562,61.85185185185185,12606.736731761484
522,49.10959516005562,62.59259259259258,12606.831598380464
523,49.10959516005562,63.33333333333333,12606.856878665392
524,49.10959516005562,64.07407407407408,12606.920183178314
525,49.10959516005562,64.81481481481481,12606.985542538972
526,49.10959516005562,65.55555555555556,12606.818275952071
527,49.10959516005562,66.29629629629629,12607.114256720146
528,49.10959516005562,67.03703703703702,12606.942412689095
529,49.10959516005562,67.77777777777777,12607.008689166178
530,49.10959516005562,68.51851851851852,12606.831488933414
531,49.10959516005562,69.25925925925925,12607.087483573501
532,49.10959516005562,70.0,12606.961299954855
533,49.10959516005562,70.74074074074075,12607.029361805937
534,49.10959516005562,71.48148148148147,12606.858239840018
535,49.10959516005562,72.22222222222221,12607.065647314492
536,49.10959516005562,72.96296296296296,12606.99473608434
537,49.10959516005562,73.7037037037037,12607.05618503668
538,49.10959516005562,74.44444444444444,12607.113634623209
539,49.10959516005562,75.18518518518519,12607.040751726308
540,49.10959516005562,75.92592592592592,12607.012893097475
541,49.10959516005562,76.66666666666666,12607.07692741655
542,49.10959516005562,77.4074074074074,12607.082525556267
543,49.10959516005562,78.14814814814814,12607.01281640344
544,49.10959516005562,78.88888888888889,12607.029069271317
545,49.10959516005562,79.62962962962963,12607.097919772787
789,49.10959516005562,80.37037037037037,12607.063441117236
790,49.10959516005562,81.11111111111111,12606.993660994776
791,49.10959516005562,81.85185185185185,12607.055218221096
792,49.10959516005562,82.59259259259258,12607.113090900122
793,49.10959516005562,83.33333333333333,12607.040564276569
794,49.10959516005562,84.07407407407408,12607.017116440285
795,49.10959516005562,84.81481481481481,12607.081562835898
796,49.10959516005562,85.55555555555556,12607.079332796799
797,49.10959516005562,86.2962962962963,12607.008724504907
798,49.10959516005562,87.03703703703702,12607.030300502316
152,49.659591256833394,47.03703703703703,11047.622689730662
13,49.659591256833394,47.77777777777777,11048.915367135924
153,49.659591256833394,48.51851851851851,11051.142815486703
154,49.659591256833394,49.25925925925925,11801.814308276604
14,49.659591256833394,49.99999999999999,11052.35114120658
155,49.659591256833394,50.74074074074073,11049.52636836801
156,49.659591256833394,51.481481481481474,11801.81753455117
15,49.659591256833394,52.222222222222214,11801.816900071033
157,49.659591256833394,52.962962962962955,11050.704067972914
158,49.659591256833394,53.7037037037037,11050.279043220973
16,49.659591256833394,54.444444444444436,11801.817639213143
159,49.659591256833394,55.185185185185176,11801.816807452327
160,49.659591256833394,55.925925925925924,11049.854574313511
17,49.659591256833394,56.66666666666666,11051.256631641998
161,49.659591256833394,57.407407407407405,11801.812167165655
162,49.659591256833394,58.14814814814814,11051.974887505698
18,49.659591256833394,58.888888888888886,11049.582662178029
163,49.659591256833394,59.629629629629626,11801.816880193714
546,49.659591256833394,60.37037037037036,11801.816984608828
229,49.659591256833394,61.11111111111111,11050.618964182038
547,49.659591256833394,61.85185185185185,11050.370141517953
548,49.659591256833394,62.59259259259258,11801.81924056582
230,49.659591256833394,63.33333333333333,11801.818736872112
549,49.659591256833394,64.07407407407408,11049.797227031057
550,49.659591256833394,64.81481481481481,11051.400635252183
231,49.659591256833394,65.55555555555556,11801.811570641468
551,49.659591256833394,66.29629629629629,11051.727533666126
552,49.659591256833394,67.03703703703702,11049.131950546638
232,49.659591256833394,67.77777777777777,11801.81638218509
553,49.659591256833394,68.51851851851852,11801.816162711766
554,49.659591256833394,69.25925925925925,11050.520894917543
233,49.659591256833394,70.0,11048.635738842306
555,49.659591256833394,70.74074074074075,11801.819157215301
556,49.659591256833394,71.48148148148147,11801.819658143213
234,49.659591256833394,72.22222222222221,11049.742048956512
557,49.659591256833394,72.96296296296296,11048.176988617342
558,49.659591256833394,73.7037037037037,11047.07145045072
235,49.659591256833394,74.44444444444444,11051.552133241436
559,49.659591256833394,75.18518518518519,11049.07247709739
560,49.659591256833394,75.92592592592592,11047.730823625112
236,49.659591256833394,76.66666666666666,11046.727049843088
561,49.659591256833394,77.4074074074074,11050.426971793408
562,49.659591256833394,78.14814814814814,11048.583589164657
237,49.659591256833394,78.88888888888889,11047.382358363946
563,49.659591256833394,79.62962962962963,11046.445612648386
799,49.659591256833394,80.37037037037037,11049.675494305906
747,49.659591256833394,81.11111111111111,11048.139449395705
800,49.659591256833394,81.85185185185185,11047.045930239721
801,49.659591256833394,82.59259259259258,11046.374202545441
748,49.659591256833394,83.33333333333333,11049.02011330903
802,49.659591256833394,84.07407407407408,11048.47043906049
803,49.659591256833394,84.81481481481481,11050.212536354331
164,50.20958735361116,47.77777777777777,10225.640688678599
165,50.20958735361116,49.25925925925925,10225.701523719217
166,50.20958735361116,49.99999999999999,10225.7313847283
167,50.20958735361116,50.74074074074073,10225.76015408439
168,50.20958735361116,51.481481481481474,10225.723972524836
169,50.20958735361116,52.222222222222214,10225.706037811411
170,50.20958735361116,52.962962962962955,10225.74123360656
171,50.20958735361116,53.7037037037037,10225.741221048404
172,50.20958735361116,54.444444444444436,10225.70803111422
173,50.20958735361116,55.185185185185176,10225.722377927159
174,50.20958735361116,55.925925925925924,10225.756364483386
175,50.20958735361116,56.66666666666666,10225.735171940061
176,50.20958735361116,57.407407407407405,10225.702637142967
177,50.20958735361116,58.14814814814814,10225.73458311081
178,50.20958735361116,58.888888888888886,10225.760953634337
179,50.20958735361116,59.629629629629626,10225.725186505762
564,50.20958735361116,60.37037037037036,10225.705368478491
565,50.20958735361116,61.11111111111111,10225.739744377672
566,50.20958735361116,61.85185185185185,10225.739280263078
567,50.20958735361116,62.59259259259258,10225.70509782026
568,50.20958735361116,63.33333333333333,10225.722721864237
569,50.20958735361116,64.07407407407408,10225.75761812349
570,50.20958735361116,64.81481481481481,10225.73298659228
571,50.20958735361116,65.55555555555556,10225.70480118529
572,50.20958735361116,66.29629629629629,10225.737739929522
573,50.20958735361116,67.03703703703702,10225.759663140634
574,50.20958735361116,67.77777777777777,10225.7251306838
575,50.20958735361116,68.51851851851852,10225.706572319148
576,50.20958735361116,69.25925925925925,10225.740162704024
577,50.20958735361116,70.0,10225.630464270536
578,50.20958735361116,70.74074074074075,10225.704081706353
579,50.20958735361116,71.48148148148147,10225.72327468847
580,50.20958735361116,72.22222222222221,10225.75775763666
581,50.20958735361116,72.96296296296296,10225.614474430186
582,50.20958735361116,73.7037037037037,10225.698137423024
583,50.20958735361116,74.44444444444444,10225.738824432716
584,50.20958735361116,75.18518518518519,10225.638071778114
585,50.20958735361116,75.92592592592592,10225.611113085877
586,50.20958735361116,76.66666666666666,10225.690673351288
587,50.20958735361116,77.4074074074074,10225.741663345136
588,50.20958735361116,78.14814814814814,10225.631554046238
589,50.20958735361116,78.88888888888889,10225.637184114079
590,50.20958735361116,79.62962962962963,10225.670980021823
804,50.20958735361116,80.37037037037037,10225.64099477604
805,50.20958735361116,81.11111111111111,10225.6193651488
806,50.20958735361116,81.85185185185185,10225.646905747795
807,50.20958735361116,82.59259259259258,10225.570225584437
808,50.20958735361116,83.33333333333333,10225.63652868336
809,50.20958735361116,84.07407407407408,10225.624820836092
180,50.759583450388945,49.25925925925925,8643.89905322442
181,50.759583450388945,49.99999999999999,8643.825084237556
182,50.759583450388945,50.74074074074073,8643.847781373188
183,50.759583450388945,51.481481481481474,8643.874770360766
184,50.759583450388945,52.222222222222214,8643.889984786525
185,50.759583450388945,52.962962962962955,8643.839797817927
186,50.759583450388945,53.7037037037037,8643.863254475582
187,50.759583450388945,56.66666666666666,8643.876063688775
188,50.759583450388945,57.407407407407405,8643.902604238712
189,50.759583450388945,58.14814814814814,8643.872817441952
591,50.759583450388945,61.85185185185185,8643.863500822103
592,50.759583450388945,62.59259259259258,8643.890502606286
593,50.759583450388945,63.33333333333333,8643.87460176184
594,50.759583450388945,64.07407407407408,8643.854368622095
595,50.759583450388945,64.81481481481481,8643.876860911027
596,50.759583450388945,65.55555555555556,8643.904787088453
597,50.759583450388945,66.29629629629629,8643.872088439937
598,50.759583450388945,67.03703703703702,8643.85115762055
599,50.759583450388945,67.77777777777777,8643.828157723357
600,50.759583450388945,68.51851851851852,8643.892603234213
601,50.759583450388945,69.25925925925925,8643.865283437946
602,50.759583450388945,70.0,8643.844268724177
603,50.759583450388945,70.74074074074075,8643.819993713842
604,50.759583450388945,71.48148148148147,8643.872853645298
605,50.759583450388945,72.22222222222221,8643.850566365989
606,50.759583450388945,72.96296296296296,8643.828947029251
607,50.759583450388945,73.7037037037037,8643.897053478868
608,50.759583450388945,74.44444444444444,8643.870100166358
609,50.759583450388945,75.18518518518519,8643.85006666428
610,50.759583450388945,75.92592592592592,8643.827568967943
611,50.759583450388945,76.66666666666666,8643.89163355867
612,50.759583450388945,77.4074074074074,8643.865677305323
613,50.759583450388945,78.14814814814814,8643.845713821938
614,50.759583450388945,78.88888888888889,8643.844775619524
615,50.759583450388945,79.62962962962963,8643.872336943401
810,50.759583450388945,80.37037037037037,8643.850456985121
811,50.759583450388945,81.11111111111111,8643.831540218322
812,50.759583450388945,81.85185185185185,8643.853162566375
813,50.759583450388945,82.59259259259258,8643.788626767113
814,50.759583450388945,83.33333333333333,8643.848941295524
190,51.30957954716671,50.74074074074073,7868.80404808723
191,51.30957954716671,51.481481481481474,7868.74848271365
19,51.30957954716671,52.222222222222214,7868.768354562228
192,51.30957954716671,52.962962962962955,7868.790989955742
616,51.30957954716671,61.85185185185185,7868.816690963053
617,51.30957954716671,62.59259259259258,7868.7721593534225
238,51.30957954716671,63.33333333333333,7868.779077600804
618,51.30957954716671,64.07407407407408,7868.806359228562
619,51.30957954716671,64.81481481481481,7868.781907567056
239,51.30957954716671,65.55555555555556,7868.760738825018
620,51.30957954716671,66.29629629629629,7868.77959553129
621,51.30957954716671,67.03703703703702,7868.8038073630305
240,51.30957954716671,67.77777777777777,7868.778827298724
622,51.30957954716671,68.51851851851852,7868.755653882923
623,51.30957954716671,69.25925925925925,7868.791754682083
241,51.30957954716671,70.0,7868.7964227631455
624,51.30957954716671,70.74074074074075,7868.773178835574
625,51.30957954716671,71.48148148148147,7868.749834408693
242,51.30957954716671,72.22222222222221,7868.80569182476
626,51.30957954716671,72.96296296296296,7868.780863817548
627,51.30957954716671,73.7037037037037,7868.759014708456
243,51.30957954716671,74.44444444444444,7868.740196475177
628,51.30957954716671,75.18518518518519,7868.801279849373
629,51.30957954716671,75.92592592592592,7868.777407788497
244,51.30957954716671,76.66666666666666,7868.754293164995
630,51.30957954716671,77.4074074074074,7868.738951048814
631,51.30957954716671,78.14814814814814,7868.72371374807
245,51.30957954716671,78.88888888888889,7868.772894931375
632,51.85957564394449,60.37037037037036,7907.190562082396
633,51.85957564394449,61.11111111111111,7907.547012121795
634,51.85957564394449,61.85185185185185,7907.917685478125
635,51.85957564394449,62.59259259259258,7907.227377412317
636,51.85957564394449,63.33333333333333,7907.3154295503045
637,51.85957564394449,64.07407407407408,7907.674919869896
638,51.85957564394449,64.81481481481481,7908.049828683419
639,51.85957564394449,65.55555555555556,7908.441971620139
640,51.85957564394449,66.29629629629629,7907.431385099364
641,51.85957564394449,67.03703703703702,7907.795653054403
642,51.85957564394449,67.77777777777777,7908.17913553596
643,51.85957564394449,68.51851851851852,7909.072271788187
644,51.85957564394449,69.25925925925925,7908.6514471459195
645,51.85957564394449,70.0,7907.930137090065
646,51.85957564394449,70.74074074074075,7908.318555813632
647,51.85957564394449,71.48148148148147,7908.922473100203
648,51.85957564394449,72.22222222222221,7908.512319521382
649,51.85957564394449,72.96296296296296,7908.065923665068
650,51.85957564394449,73.7037037037037,7908.458341682766
651,51.85957564394449,74.44444444444444,7908.866161159269
652,51.85957564394449,75.18518518518519,7908.376756120895
653,51.85957564394449,75.92592592592592,7908.190121884923
654,51.85957564394449,76.66666666666666,7909.059780944197
655,51.85957564394449,77.4074074074074,7909.008098675098
656,51.85957564394449,78.14814814814814,7908.238220812491
657,51.85957564394449,78.88888888888889,7908.33051636233
658,52.409571740722264,61.11111111111111,8691.579587743909
659,52.409571740722264,61.85185185185185,8691.566058392986
660,52.409571740722264,62.59259259259258,8691.713877236063
661,52.409571740722264,63.33333333333333,8691.867011428367
662,52.409571740722264,64.07407407407408,8691.53642041114
663,52.409571740722264,64.81481481481481,8691.620460306352
664,52.409571740722264,65.55555555555556,8691.768976224703
665,52.409571740722264,66.29629629629629,8691.92204442872
666,52.409571740722264,67.03703703703702,8691.529050779704
667,52.409571740722264,67.77777777777777,8691.67316527944
668,52.409571740722264,68.51851851851852,8691.822072970099
669,52.409571740722264,69.25925925925925,8691.428263176116
670,52.409571740722264,70.0,8691.569965937233
671,52.409571740722264,70.74074074074075,8691.716977990873
672,52.409571740722264,71.48148148148147,8691.869551581796
673,52.409571740722264,72.22222222222221,8691.48042795225
674,52.409571740722264,72.96296296296296,8691.624253127433
675,52.409571740722264,73.7037037037037,8691.773351367505
676,52.409571740722264,74.44444444444444,8691.92746529472
677,52.409571740722264,75.18518518518519,8691.53425450658
678,52.409571740722264,75.92592592592592,8691.67959894333
679,52.409571740722264,76.66666666666666,8691.829390098283
680,52.409571740722264,77.4074074074074,8691.841657986814
681,52.409571740722264,78.14814814814814,8691.575100749731
246,52.95956783750004,61.11111111111111,9480.70453603995
682,52.95956783750004,61.85185185185185,9480.53841424716
683,52.95956783750004,62.59259259259258,9480.652575014625
198,52.95956783750004,63.33333333333333,9480.662188879855
684,52.95956783750004,64.07407407407408,9480.72764065204
685,52.95956783750004,64.81481481481481,9480.796780719535
247,52.95956783750004,65.55555555555556,9480.622826584033
686,52.95956783750004,66.29629629629629,9480.679876124545
687,52.95956783750004,67.03703703703702,9480.748562340872
248,52.95956783750004,67.77777777777777,9480.57611869002
688,52.95956783750004,68.51851851851852,9480.63887018786
689,52.95956783750004,69.25925925925925,9480.707156124496
199,52.95956783750004,70.0,9480.775903263391
690,52.95956783750004,70.74074074074075,9480.60094596399
691,52.95956783750004,71.48148148148147,9480.66632167506
249,52.95956783750004,72.22222222222221,9480.731947401597
692,52.95956783750004,72.96296296296296,9480.814102024684
693,52.95956783750004,73.7037037037037,9480.614273839223
250,52.95956783750004,74.44444444444444,9480.681095561013
694,52.95956783750004,75.18518518518519,9480.749034193519
695,52.95956783750004,75.92592592592592,9480.791051130363
200,52.95956783750004,76.66666666666666,9480.64022322424
696,52.95956783750004,77.4074074074074,9480.70847791119
697,52.95956783750004,78.14814814814814,9480.777804736106
698,53.50956393427781,61.85185185185185,10272.343340966196
699,53.50956393427781,62.59259259259258,10272.246661249876
700,53.50956393427781,63.33333333333333,10272.203862452006
701,53.50956393427781,64.07407407407408,10272.22986515204
702,53.50956393427781,64.81481481481481,10272.332759451863
703,53.50956393427781,65.55555555555556,10272.304648897145
704,53.50956393427781,66.29629629629629,10272.210874311277
705,53.50956393427781,67.03703703703702,10272.225496090658
706,53.50956393427781,67.77777777777777,10272.32051113696
707,53.50956393427781,68.51851851851852,10272.295041046265
708,53.50956393427781,69.25925925925925,10272.285390554236
709,53.50956393427781,70.0,10272.342975973035
710,53.50956393427781,70.74074074074075,10272.314378509764
711,53.50956393427781,71.48148148148147,10272.28796041495
712,53.50956393427781,72.22222222222221,10272.29336616541
713,53.50956393427781,72.96296296296296,10272.33357199363
714,53.50956393427781,73.7037037037037,10272.30500713861
715,53.50956393427781,74.44444444444444,10272.279252493929
716,53.50956393427781,75.18518518518519,10272.346621986071
717,53.50956393427781,75.92592592592592,10272.317650659592
718,53.50956393427781,76.66666666666666,10272.291778943181
719,53.50956393427781,77.4074074074074,10272.28759577652
720,54.05956003105559,63.33333333333333,11065.502338517283
721,54.05956003105559,64.07407407407408,11065.500950898044
722,54.05956003105559,64.81481481481481,11065.497452163429
723,54.05956003105559,65.55555555555556,11065.500932213821
724,54.05956003105559,66.29629629629629,11065.50592428146
725,54.05956003105559,67.03703703703702,11065.50396611914
726,54.05956003105559,67.77777777777777,11065.500370900962
727,54.05956003105559,68.51851851851852,11065.503382903407
728,54.05956003105559,69.25925925925925,11065.508230069565
729,54.05956003105559,70.0,11065.491912719153
730,54.05956003105559,70.74074074074075,11065.494380321878
731,54.05956003105559,71.48148148148147,11065.49899793038
732,54.05956003105559,72.22222222222221,11065.500865602517
733,54.05956003105559,72.96296296296296,11065.49680296774
734,54.05956003105559,75.92592592592592,11065.500890299852
251,54.609556127833365,65.55555555555556,11112.335221670975
735,54.609556127833365,66.29629629629629,11113.049290404422
736,54.609556127833365,67.03703703703702,11113.908143910463
252,54.609556127833365,67.77777777777777,11112.81722134247
737,54.609556127833365,68.51851851851852,11112.551592856762
738,54.609556127833365,69.25925925925925,11113.3469906057
253,54.609556127833365,70.0,11114.240739225235
739,54.609556127833365,70.74074074074075,11112.56871954014
740,55.15955222461113,68.51851851851852,11904.379775077075
741,55.15955222461113,69.25925925925925,11904.917718769808
742,55.15955222461113,70.0,11906.008726233355
743,55.15955222461113,70.74074074074075,11905.394049055225
